<?xml version="1.0" encoding="UTF-8"?><publish:diagrams xmlns:publish="http://www.ibm.com/Rational/XTools/Publish" xmlns:xmi="http://www.omg.org/XMI"><publish:diagram name="PublicHealthReporting" publish:icon="-843602336_icon.png" publish:qualifiedname="FHIM::PublicHealthReporting::PublicHealthReporting" xmi:id="_.vK51IZ93E.eGVH.tL.vLEE.d.o.g"/><publish:diagram name="_SmokingStatus" publish:icon="-843602336_icon.png" publish:qualifiedname="FHIM::DetailedClinicalModels::SmokingStatus::_SmokingStatus" xmi:id="_Z6.lE.s.q.fRE.e.i.t.t.o0.c.u.bQ.n1A"/><publish:diagram name="_MedicationAdministration" publish:icon="-843602336_icon.png" publish:qualifiedname="FHIM::MedicationAdministration::_MedicationAdministration" xmi:id="__EI_A.g.jME.e.eH-JU.b.uHPV.c.g"/><publish:diagram name="1: FHIM Common Classes" publish:icon="-843602336_icon.png" publish:qualifiedname="FHIM::BehavioralHealth::Behavioral Health Domain::2 - Model::1. FHIM Common Classes::1: FHIM Common Classes" xmi:id="_U.mWZF48GE.d-XN.p.j2.t.j.o.v.xA"/><publish:diagram name="CarePlan" publish:icon="-843602336_icon.png" publish:qualifiedname="FHIM::CarePlan::CarePlan" xmi:id="_DV.s.qUQY0E.eG.z0.d.k.a.dE.l.r.kQ"/><publish:diagram name="Provider" publish:icon="-843602336_icon.png" publish:qualifiedname="FHIM::Provider::Provider" xmi:id="_WG-84.pN.mE.eC.y.u.fOLCDZ.kFA"/><publish:diagram name="AdverseEventReporting" publish:icon="-843602336_icon.png" publish:qualifiedname="FHIM::AdverseEventReporting::AdverseEventReporting" xmi:id="_.jG.k6.cKCTE.eO-_.t.u.x.zOR0J.g"/><publish:diagram name="Person" publish:icon="-843602336_icon.png" publish:qualifiedname="FHIM::Person::Person" xmi:id="_420A62FD03B6418A401B00BC"/><publish:diagram name="_AudiologyAndSpeechPathology" publish:icon="-843602336_icon.png" publish:qualifiedname="FHIM::AudiologyAndSpeechPathology::_AudiologyAndSpeechPathology" xmi:id="_420A62FD03B64602A68600BC"/><publish:diagram name="_SecurityAndPrivacy" publish:icon="-843602336_icon.png" publish:qualifiedname="FHIM::SecurityAndPrivacy::_SecurityAndPrivacy" xmi:id="_G3V_QB.rZE.e.e.s.s.a.w.vW0.b.j.o.g"/><publish:diagram name="FHIM Overview Diagram" publish:icon="-843602336_icon.png" publish:qualifiedname="FHIM::FHIM Overview Diagram" xmi:id="_420A62FD03B6420A62FD03C1"/><publish:diagram name="VitalSigns" publish:icon="-843602336_icon.png" publish:qualifiedname="FHIM::VitalSigns::VitalSigns" xmi:id="_2L98.oIR.oE.eO.nHN_.t.y8.qF.h.w"/><publish:diagram name="VitalSignsRespirationRate" publish:icon="-843602336_icon.png" publish:qualifiedname="FHIM::VitalSigns::RespirationRate::VitalSignsRespirationRate" xmi:id="_.d.bRB4.o.eDE.eOZ2.vW3W.fDP5Q"/><publish:diagram name="2.5: Terminology Analysis" publish:icon="-843602336_icon.png" publish:qualifiedname="FHIM::BehavioralHealth::Behavioral Health Domain::2 - Model::2. Behavioral Health: Information Model::2.5 Terminology Analysis::2.5: Terminology Analysis" xmi:id="_U.m.gM.q48GE.d-XN.p.j2.t.j.o.v.xA"/><publish:diagram name="_HomeBasedPrimaryCare" publish:icon="-843602336_icon.png" publish:qualifiedname="FHIM::HomeBasedPrimaryCare::_HomeBasedPrimaryCare" xmi:id="_420A62FD03B64368DE9701C9"/><publish:diagram name="_ImmunizationForecast" publish:icon="-843602336_icon.png" publish:qualifiedname="FHIM::Immunization::ImmunizationForecast::_ImmunizationForecast" xmi:id="_.x5.uS.g.bG.kE.eG.kU9G.cFS.zOCA"/><publish:diagram name="2.3: Suicide and Violence Details" publish:icon="-843602336_icon.png" publish:qualifiedname="FHIM::BehavioralHealth::Behavioral Health Domain::2 - Model::2. Behavioral Health: Information Model::2.3 Behavioral Health Record Exchange Classes::2.3: Suicide and Violence Details" xmi:id="_U.mW.j.jI8GE.d-XN.p.j2.t.j.o.v.xA"/><publish:diagram name="EnrollEligCOB" publish:icon="-843602336_icon.png" publish:qualifiedname="FHIM::EnrollEligCOB::EnrollEligCOB" xmi:id="_Q.y.s.kMP.aME.eC.b.n6MP.gQ_.r.x.g"/><publish:diagram name="Orders" publish:icon="-843602336_icon.png" publish:qualifiedname="FHIM::Orders::Orders" xmi:id="_B.g.q.cMIX.zE.d-2.p.sO.xABAO.v.w"/><publish:diagram name="VitalSignsBloodPressure" publish:icon="-843602336_icon.png" publish:qualifiedname="FHIM::VitalSigns::BloodPressure::VitalSignsBloodPressure" xmi:id="_.aL.k.qMY.d.sE.eOZ2.vW3W.fDP5Q"/><publish:diagram name="_OncologyRegistry" publish:icon="-843602336_icon.png" publish:qualifiedname="FHIM::OncologyRegistry::_OncologyRegistry" xmi:id="_.lVMIII.rYE.d-.j.bJ0C.j3.r.s.m.g"/><publish:diagram name="DeathCertificate" publish:icon="-843602336_icon.png" publish:qualifiedname="FHIM::Person::DeathCertificate::DeathCertificate" xmi:id="_X.c.wUEF.jGE.eG6P.p3P.y7.p1.b.w"/><publish:diagram name="_generic" publish:icon="-843602336_icon.png" publish:qualifiedname="FHIM::DetailedClinicalModels::_generic_::_generic" xmi:id="_O.d.xMM.o.aUE.e.e0.x_B.rP.kL.kDA"/><publish:diagram name="_Surgery" publish:icon="-843602336_icon.png" publish:qualifiedname="FHIM::Surgery::_Surgery" xmi:id="_.n.l.t.bALWUE.eG.eP.aUJ9YI.o.b.g"/><publish:diagram name="_SurgeryAssessment" publish:icon="-843602336_icon.png" publish:qualifiedname="FHIM::Surgery::_SurgeryAssessment" xmi:id="_CMS4ELWVE.eG.eP.aUJ9YI.o.b.g"/><publish:diagram name="_CellSaver" publish:icon="-843602336_icon.png" publish:qualifiedname="FHIM::Surgery::_CellSaver" xmi:id="_5.pX.i0LWWE.eG.eP.aUJ9YI.o.b.g"/><publish:diagram name="_SurgeryEvent" publish:icon="-843602336_icon.png" publish:qualifiedname="FHIM::Surgery::_SurgeryEvent" xmi:id="_D.rG.t.gLWXE.eG.eP.aUJ9YI.o.b.g"/><publish:diagram name="_Anesthesia" publish:icon="-843602336_icon.png" publish:qualifiedname="FHIM::Surgery::_Anesthesia" xmi:id="_.r.kXS0LW.dE.eG.eP.aUJ9YI.o.b.g"/><publish:diagram name="_Dialysis" publish:icon="-843602336_icon.png" publish:qualifiedname="FHIM::Dialysis::_Dialysis" xmi:id="_ET.m28IJ.bE.e.iVD.e0.nAOKMK.w"/><publish:diagram name="_BehavioralHealth" publish:icon="-843602336_icon.png" publish:qualifiedname="FHIM::BehavioralHealth::_BehavioralHealth" xmi:id="_Z.m.aC.sU1UE.d-ZC8.u.uC.l8MVA"/><publish:diagram name="HealthConcern" publish:icon="-843602336_icon.png" publish:qualifiedname="FHIM::HealthConcern::HealthConcern" xmi:id="_X.i_J.sJ.p4E.eO.s.w.d2.lHBT.pDQ"/><publish:diagram name="_MaternityQualityImprovement" publish:icon="-1795287251_icon.png" publish:qualifiedname="FHIM::PublicHealthReporting::MaternityQualityImprovement::_MaternityQualityImprovement" xmi:id="_N.l.p.vYX33E.e.e1.p7YHZR.kHE.w"/><publish:diagram name="2.2.a: Behavioral Health Assessment Classes" publish:icon="-843602336_icon.png" publish:qualifiedname="FHIM::BehavioralHealth::Behavioral Health Domain::2 - Model::2. Behavioral Health: Information Model::2.2 Behavioral Health Assessment Exchange Classes::2.2.a: Behavioral Health Assessment Classes" xmi:id="_U.mW.eA48GE.d-XN.p.j2.t.j.o.v.xA"/><publish:diagram name="2.2.b: Assessment Question and Answer Types" publish:icon="-843602336_icon.png" publish:qualifiedname="FHIM::BehavioralHealth::Behavioral Health Domain::2 - Model::2. Behavioral Health: Information Model::2.2 Behavioral Health Assessment Exchange Classes::2.2.b: Assessment Question and Answer Types" xmi:id="_U.mW.h148GE.d-XN.p.j2.t.j.o.v.xA"/><publish:diagram name="CommonProduct" publish:icon="-843602336_icon.png" publish:qualifiedname="FHIM::CommonProduct::CommonProduct" xmi:id="_2.b.g1.gVANE.eCN.o.o8JCS.l.f.lA"/><publish:diagram name="_NewbornHearingScreening" publish:icon="-843602336_icon.png" publish:qualifiedname="FHIM::PublicHealthReporting::NewbornHearingScreening::_NewbornHearingScreening" xmi:id="_BO.sK.sZ94E.eGVH.tL.vLEE.d.o.g"/><publish:diagram name="_PregnancyStatus" publish:icon="-843602336_icon.png" publish:qualifiedname="FHIM::DetailedClinicalModels::PregnancyStatus::_PregnancyStatus" xmi:id="_.v-.o.zQ.rU.uE.e.iWR.s.qE.q7.kY.t.g"/><publish:diagram name="ClinicalObservation" publish:icon="-843602336_icon.png" publish:qualifiedname="FHIM::ClinicalObservation::ClinicalObservation" xmi:id="_.tJE.l.kH_.fE.d-U.r.e_.v.z.gD_TA"/><publish:diagram name="VitalSignsWeight" publish:icon="-843602336_icon.png" publish:qualifiedname="FHIM::VitalSigns::Weight::VitalSignsWeight" xmi:id="_MNRV.w.o.eME.eOZ2.vW3W.fDP5Q"/><publish:diagram name="_BodyMassIndexPercentile" publish:icon="-843602336_icon.png" publish:qualifiedname="FHIM::DetailedClinicalModels::BodyMassIndexPercentile::_BodyMassIndexPercentile" xmi:id="_.wBK64.mJ4E.e.e2PY0OGM.s0S.w"/><publish:diagram name="_CommunicableDiseases" publish:icon="-843602336_icon.png" publish:qualifiedname="FHIM::PublicHealthReporting::CommunicableDiseases::_CommunicableDiseases" xmi:id="_7PNKE.bF2E.eG.kU9G.cFS.zOCA"/><publish:diagram name="_SkinAndWound" publish:icon="-843602336_icon.png" publish:qualifiedname="FHIM::SkinAndWound::_SkinAndWound" xmi:id="_.sH0.e.oII.pE.e.iV.v-TY0G.p.n.y.w"/><publish:diagram name="_Autopsy" publish:icon="-843602336_icon.png" publish:qualifiedname="FHIM::Lab::Autopsy::_Autopsy" xmi:id="__.r.l.dYWIOE.eCHA.oM78L.f2.xA"/><publish:diagram name="_TricepsSkinFold" publish:icon="-843602336_icon.png" publish:qualifiedname="FHIM::DetailedClinicalModels::TricepsSkinFold::_TricepsSkinFold" xmi:id="_.kEOT.o.mJ.rE.e.e2PY0OGM.s0S.w"/><publish:diagram name="BirthCertificate" publish:icon="-843602336_icon.png" publish:qualifiedname="FHIM::Person::BirthCertificate::BirthCertificate" xmi:id="_IBB.l4V.jGE.eG6P.p3P.y7.p1.b.w"/><publish:diagram name="_OccupationalHealth" publish:icon="-843602336_icon.png" publish:qualifiedname="FHIM::PublicHealthReporting::OccupationalHealth::_OccupationalHealth" xmi:id="_N.w.w.uUQ.g.qE.eK.p.i5AG.m.kKV.p.g"/><publish:diagram name="_DetailedClinicalModels" publish:icon="-843602336_icon.png" publish:qualifiedname="FHIM::DetailedClinicalModels::_DetailedClinicalModels" xmi:id="_.w.z.f.c.wV2.jE.e.e.r.c.r.c.a8.w8.cR.w"/><publish:diagram name="_ArmCircumference" publish:icon="-843602336_icon.png" publish:qualifiedname="FHIM::DetailedClinicalModels::ArmCircumference::_ArmCircumference" xmi:id="_6B.f-Q.l3AE.e.e.r.c.r.c.a8.w8.cR.w"/><publish:diagram name="_Assessment" publish:icon="-843602336_icon.png" publish:qualifiedname="FHIM::Assessment::_Assessment" xmi:id="_.b.d5.n.gH_.jE.d-U.r.e_.v.z.gD_TA"/><publish:diagram name="VitalSignsHeight" publish:icon="-843602336_icon.png" publish:qualifiedname="FHIM::VitalSigns::Height::VitalSignsHeight" xmi:id="_.jP.n.x.s.o.d5E.eOZ2.vW3W.fDP5Q"/><publish:diagram name="VitalSignsO2Saturation" publish:icon="-843602336_icon.png" publish:qualifiedname="FHIM::VitalSigns::O2Saturation::VitalSignsO2Saturation" xmi:id="_7.n4HQ.o.d_E.eOZ2.vW3W.fDP5Q"/><publish:diagram name="_Pharmacy" publish:icon="-843602336_icon.png" publish:qualifiedname="FHIM::Pharmacy::_Pharmacy" xmi:id="_.dR1.yUNM_E.eGR.nP.i2MLPE0.g"/><publish:diagram name="Consultation" publish:icon="-843602336_icon.png" publish:qualifiedname="FHIM::Consultation::Consultation" xmi:id="_420A62FD03B64295E5DE0133"/><publish:diagram name="3: Behavioral Health Exchange Use Cases" publish:icon="1208692795_icon.png" publish:qualifiedname="FHIM::BehavioralHealth::Behavioral Health Domain::2 - Model::3. Use Cases::3: Behavioral Health Exchange Use Cases" xmi:id="_U.m.gNE48GE.d-XN.p.j2.t.j.o.v.xA"/><publish:diagram name="Encounter" publish:icon="-843602336_icon.png" publish:qualifiedname="FHIM::Encounter::Encounter" xmi:id="_Y.q.zC.wG.i.kE.eG3.pK.m-C5.y0.hA"/><publish:diagram name="_BodyMassIndex" publish:icon="-843602336_icon.png" publish:qualifiedname="FHIM::DetailedClinicalModels::BodyMassIndex::_BodyMassIndex" xmi:id="_.hGIOA.mJ.vE.e.e2PY0OGM.s0S.w"/><publish:diagram name="_Dental" publish:icon="-843602336_icon.png" publish:qualifiedname="FHIM::Dental::_Dental" xmi:id="_MX.p4.cP0.lE.d2T7.r.rR1_9.z.uA"/><publish:diagram name="_SocialWork" publish:icon="-843602336_icon.png" publish:qualifiedname="FHIM::SocialWork::_SocialWork" xmi:id="_W.w_.dEJTXE.d-.q.jN.eF.p.n.kK.u.w"/><publish:diagram name="_BloodBank" publish:icon="-843602336_icon.png" publish:qualifiedname="FHIM::BloodBank::_BloodBank" xmi:id="_420A62FD03B64447DE6902C4"/><publish:diagram name="_ClinicalDocument" publish:icon="-843602336_icon.png" publish:qualifiedname="FHIM::ClinicalDocument::_ClinicalDocument" xmi:id="_D.f1C.cH-.vE.d-U.r.e_.v.z.gD_TA"/><publish:diagram name="_Prosthetics" publish:icon="-843602336_icon.png" publish:qualifiedname="FHIM::Prosthetics::_Prosthetics" xmi:id="_.e.nA.jII.nLE.d-_.v4Q8.j.oL6LQ"/><publish:diagram name="_PatientEducation" publish:icon="-843602336_icon.png" publish:qualifiedname="FHIM::PatientEducation::_PatientEducation" xmi:id="_420A62FD03B64368DEB700C1"/><publish:diagram name="2.4: Behavioral Health Summary" publish:icon="-843602336_icon.png" publish:qualifiedname="FHIM::BehavioralHealth::Behavioral Health Domain::2 - Model::2. Behavioral Health: Information Model::2.4 Summary Information Exchange Classes::2.4: Behavioral Health Summary" xmi:id="_U.mW.aQ.o8GE.d-XN.p.j2.t.j.o.v.xA"/><publish:diagram name="WomensHealth" publish:icon="-843602336_icon.png" publish:qualifiedname="FHIM::WomensHealth::WomensHealth" xmi:id="_.h5BUYI.n1E.d-_.v4Q8.j.oL6LQ"/><publish:diagram name="_SpinalCordInjury" publish:icon="-843602336_icon.png" publish:qualifiedname="FHIM::SpinalCord::_SpinalCordInjury" xmi:id="_.f7.c.v.sI8.hE.eG2.a.r1L.c1.hB1.g"/><publish:diagram name="Datatypes" publish:icon="-843602336_icon.png" publish:qualifiedname="FHIM::Datatypes::Datatypes" xmi:id="_420A62FD03B6426674B203CC"/><publish:diagram name="_GestationalAge" publish:icon="-843602336_icon.png" publish:qualifiedname="FHIM::DetailedClinicalModels::GestationalAge::_GestationalAge" xmi:id="_.z.fUJ0.l2.jE.e.e.r.c.r.c.a8.w8.cR.w"/><publish:diagram name="_CIMIReferenceModel" publish:icon="-843602336_icon.png" publish:qualifiedname="FHIM::Common::CIMIReferenceModel::_CIMIReferenceModel" xmi:id="_.h.sS.r.sR.gBE.e.i.w.c.pU.e.h.aE.h.rA"/><publish:diagram name="_Lab" publish:icon="-843602336_icon.png" publish:qualifiedname="FHIM::Lab::_Lab" xmi:id="_G.a92.kH7.uE.d-6KM.bY3.gBFOQ"/><publish:diagram name="AdverseEventReporting_FDAMedwatch3500" publish:icon="-843602336_icon.png" publish:qualifiedname="FHIM::AdverseEventReporting::FDAMedwatch3500::AdverseEventReporting_FDAMedwatch3500" xmi:id="_.q.oD_.s.qSVE.eO.i7.v-A.gU.wKMQ"/><publish:diagram name="2.1: Behavioral Health Common Classes" publish:icon="-843602336_icon.png" publish:qualifiedname="FHIM::BehavioralHealth::Behavioral Health Domain::2 - Model::2. Behavioral Health: Information Model::2.1 Common Behavioral Health Classes::2.1: Behavioral Health Common Classes" xmi:id="_U.m.gL-48GE.d-XN.p.j2.t.j.o.v.xA"/><publish:diagram name="_ClinicalDecisionSupport" publish:icon="-843602336_icon.png" publish:qualifiedname="FHIM::ClinicalDecisionSupport::_ClinicalDecisionSupport" xmi:id="_420A62FD03B64447EA340368"/><publish:diagram name="_NutritionAssessment" publish:icon="-843602336_icon.png" publish:qualifiedname="FHIM::Dietetics::_NutritionAssessment" xmi:id="_420A62FD03B64368DF59000F"/><publish:diagram name="_NutritionOrder" publish:icon="-843602336_icon.png" publish:qualifiedname="FHIM::Dietetics::_NutritionOrder" xmi:id="_.dX.sZIGKKE.e.e2PY0OGM.s0S.w"/><publish:diagram name="_Dietetics" publish:icon="-843602336_icon.png" publish:qualifiedname="FHIM::Dietetics::_Dietetics" xmi:id="_.o.o0.vIGKKE.e.e2PY0OGM.s0S.w"/><publish:diagram name="_MorseFallScale" publish:icon="-843602336_icon.png" publish:qualifiedname="FHIM::Assessment::MorseFallScale::_MorseFallScale" xmi:id="_ZG.v.vIWJ_E.eK.l3I3L.t5ZAX.g"/><publish:diagram name="_LastMenstrualPeriodStartDate" publish:icon="-843602336_icon.png" publish:qualifiedname="FHIM::DetailedClinicalModels::LastMenstrualPeriodStartDate::_LastMenstrualPeriodStartDate" xmi:id="_.t4MO.s.rU.vE.e.iWR.s.qE.q7.kY.t.g"/><publish:diagram name="_Immunization" publish:icon="-843602336_icon.png" publish:qualifiedname="FHIM::Immunization::_Immunization" xmi:id="_O.iO.fUN7.aE.e.i.nYN.cLU-92BA"/><publish:diagram name="VitalSignsHeartRate" publish:icon="-843602336_icon.png" publish:qualifiedname="FHIM::VitalSigns::HeartRate::VitalSignsHeartRate" xmi:id="_.gY3A8Y.d.uE.eOZ2.vW3W.fDP5Q"/><publish:diagram name="_Imaging" publish:icon="-843602336_icon.png" publish:qualifiedname="FHIM::Imaging::_Imaging" xmi:id="_.s.m.x0QP.sTE.eS.c9M34.g.wV.p.g.g"/><publish:diagram name="VitalSignsTemperature" publish:icon="-843602336_icon.png" publish:qualifiedname="FHIM::VitalSigns::Temperature::VitalSignsTemperature" xmi:id="_6SUB.g.o.eKE.eOZ2.vW3W.fDP5Q"/><publish:diagram name="Allergies" publish:icon="-843602336_icon.png" publish:qualifiedname="FHIM::Allergies::Allergies" xmi:id="_KK.kC.gNY.xE.d62.c.o.sTNS-_.l.w"/><publish:diagram name="Common" publish:icon="-843602336_icon.png" publish:qualifiedname="FHIM::Common::Common" xmi:id="_.p.nO.iQA.oSE.eCTN.eGQJW.jJDA"/></publish:diagrams>