<?xml version="1.0" encoding="UTF-8"?><packagedElement name="RespirationRate" xmlns:publish="http://www.ibm.com/Rational/XTools/Publish" publish:diagramFormat="PNG" publish:icon="1438469916_icon.png" publish:modelname="FHIM" publish:qualifiedname="FHIM::VitalSigns::RespirationRate" publish:sortOrder="storage" publish:toplevelguid="420A62FD03B6" xmlns:xmi="http://www.omg.org/XMI" xmi:id="_.d.bRB4I.eDE.eOZ2.vW3W.fDP5Q" xmi:version="2.0" xmlns:com.ibm.xtools.notation="http:///com/ibm/xtools/notation.ecore" xmlns:uml="http://www.eclipse.org/uml2/1.0.0/UML" xmlns:xsi="http://www.w3.org/2001/XMLSchema-instance" xsi:type="uml:Package"><publish:properties><publish:property canonicalName="Alias" name="Alias" publish:category="UML"/><publish:property canonicalName="Keywords" name="Keywords" publish:category="UML"/><publish:property canonicalName="name" name="Name" publish:category="UML" publish:value="RespirationRate"/><publish:property canonicalName="nameExpression" name="Name Expression" publish:category="UML"/><publish:property canonicalName="namespace" name="Namespace" publish:category="UML" publish:ismodellink="false" publish:value="VitalSigns" xmi:id="_420A62FD03B6418CFFCD01B6"/><publish:property canonicalName="nestingPackage" name="Nesting Package" publish:category="UML" publish:ismodellink="false" publish:value="VitalSigns" xmi:id="_420A62FD03B6418CFFCD01B6"/><publish:property canonicalName="ownedTemplateSignature" name="Owned Template Signature" publish:category="UML"/><publish:property canonicalName="owner" name="Owner" publish:category="UML" publish:ismodellink="false" publish:value="VitalSigns" xmi:id="_420A62FD03B6418CFFCD01B6"/><publish:property canonicalName="owningTemplateParameter" name="Owning Template Parameter" publish:category="UML"/><publish:property canonicalName="qualifiedName" name="Qualified Name" publish:category="UML" publish:value="FHIM::VitalSigns::RespirationRate"/><publish:property canonicalName="Stereotype" name="Stereotype" publish:category="UML"/><publish:property canonicalName="templateParameter" name="Template Parameter" publish:category="UML"/><publish:property canonicalName="visibility" name="Visibility" publish:category="UML" publish:value="Public"/></publish:properties><contents Type="Class" isDefault="true" name="VitalSignsRespirationRate" publish:icon="-843602336_icon.png" publish:imageType="PNG" publish:qualifiedname="FHIM::VitalSigns::RespirationRate::VitalSignsRespirationRate" xmi:id="_.d.bRB4.o.eDE.eOZ2.vW3W.fDP5Q" xsi:type="notation:Diagram"><publish:properties><publish:property canonicalName="description" name="Description" publish:category="View"/><publish:property canonicalName="graphLayout" name="Graph Layout" publish:category="View" publish:value="VerticalOrthogonalHierarchical"/><publish:property canonicalName="labelLayout" name="Label Layout" publish:category="View" publish:value="None"/><publish:property canonicalName="linkLayout" name="Link Layout" publish:category="View" publish:value="None"/><publish:property canonicalName="measurementUnit" name="Measurement Unit" publish:category="View" publish:value="Himetric"/><publish:property canonicalName="name" name="Name" publish:category="View" publish:value="VitalSignsRespirationRate"/><publish:property canonicalName="pageHeight" name="Page Height" publish:category="View" publish:value="100"/><publish:property canonicalName="pageWidth" name="Page Width" publish:category="View" publish:value="100"/><publish:property canonicalName="pageX" name="Page X" publish:category="View" publish:value="0"/><publish:property canonicalName="pageY" name="Page Y" publish:category="View" publish:value="0"/><publish:property canonicalName="styles" name="Styles" publish:category="View"/><publish:property canonicalName="useAliasName" name="Use Alias Name" publish:category="View" publish:value="false"/></publish:properties><publish:partInfo anchor="#_4.xF.h.kOS.mE.e.aMP8O.h.jV.e.y.r.g" name="subjectOfRecord" publish:ismodellink="false" publish:partLowerX="0" publish:partLowerY="0" publish:partUpperX="0" publish:partUpperY="0" shape="rect" xmi:id="_W.u4M.gKM.yE.eS.jK-UN.p.oDZ.uQ"/><publish:partInfo anchor="#_4.xH90OS.mE.e.aMP8O.h.jV.e.y.r.g" name="Property" publish:ismodellink="false" publish:partLowerX="0" publish:partLowerY="0" publish:partUpperX="0" publish:partUpperY="0" shape="rect" xmi:id="_4.xD.sYOS.mE.e.aMP8O.h.jV.e.y.r.g"/><publish:partInfo anchor="#_4.xF.h.kOS.mE.e.aMP8O.h.jV.e.y.r.g" name="subjectOfRecord" publish:ismodellink="false" publish:partLowerX="0" publish:partLowerY="0" publish:partUpperX="0" publish:partUpperY="0" shape="rect" xmi:id="_W.u4M.gKM.yE.eS.jK-UN.p.oDZ.uQ"/><publish:partInfo anchor="#_4.xH90OS.mE.e.aMP8O.h.jV.e.y.r.g" name="Property" publish:ismodellink="false" publish:partLowerX="0" publish:partLowerY="0" publish:partUpperX="0" publish:partUpperY="0" shape="rect" xmi:id="_4.xD.sYOS.mE.e.aMP8O.h.jV.e.y.r.g"/><publish:partInfo anchor="#_4.xF.h.kOS.mE.e.aMP8O.h.jV.e.y.r.g" name="subjectOfRecord" publish:ismodellink="false" publish:partLowerX="717" publish:partLowerY="193" publish:partUpperX="609" publish:partUpperY="178" shape="rect" xmi:id="_W.u4M.gKM.yE.eS.jK-UN.p.oDZ.uQ"/><publish:partInfo anchor="#_4.xF.h.kOS.mE.e.aMP8O.h.jV.e.y.r.g" name="subjectOfRecord" publish:ismodellink="false" publish:partLowerX="691" publish:partLowerY="223" publish:partUpperX="669" publish:partUpperY="208" shape="rect" xmi:id="_W.u4M.gKM.yE.eS.jK-UN.p.oDZ.uQ"/><publish:partInfo anchor="#_4.xH90OS.mE.e.aMP8O.h.jV.e.y.r.g" name="Property" publish:ismodellink="false" publish:partLowerX="0" publish:partLowerY="0" publish:partUpperX="0" publish:partUpperY="0" shape="rect" xmi:id="_4.xD.sYOS.mE.e.aMP8O.h.jV.e.y.r.g"/><publish:partInfo anchor="#_4.xH90OS.mE.e.aMP8O.h.jV.e.y.r.g" name="Property" publish:ismodellink="false" publish:partLowerX="0" publish:partLowerY="0" publish:partUpperX="0" publish:partUpperY="0" shape="rect" xmi:id="_4.xD.sYOS.mE.e.aMP8O.h.jV.e.y.r.g"/><publish:partInfo name="clinicalStatement_subjectOfRecord" publish:ismodellink="false" publish:partLowerX="0" publish:partLowerY="0" publish:partUpperX="0" publish:partUpperY="0" shape="rect" xmi:id="_4.xD.sYOS.mE.e.aMP8O.h.jV.e.y.r.g"/><publish:partInfo coords="480,196,716,196,716,206,480,206,480,196" name="clinicalStatement_subjectOfRecord" publish:ismodellink="false" shape="poly" xmi:id="_4.xD.sYOS.mE.e.aMP8O.h.jV.e.y.r.g"/><publish:partInfo name="Generalization" publish:ismodellink="false" publish:partLowerX="0" publish:partLowerY="0" publish:partUpperX="0" publish:partUpperY="0" shape="rect" xmi:id="__8.cJ.oIF.uE.e.iF.w.eA6NKJQO.g"/><publish:partInfo coords="407,333,407,216,417,216,417,333,407,333" name="Generalization" publish:ismodellink="false" shape="poly" xmi:id="__8.cJ.oIF.uE.e.iF.w.eA6NKJQO.g"/><publish:partInfo name="Generalization" publish:ismodellink="false" publish:partLowerX="0" publish:partLowerY="0" publish:partUpperX="0" publish:partUpperY="0" shape="rect" xmi:id="_A.wCRYDK.tE.e.i.d.l.pJU2T.uL.zA"/><publish:partInfo coords="405,177,405,84,415,84,415,177,405,177" name="Generalization" publish:ismodellink="false" shape="poly" xmi:id="_A.wCRYDK.tE.e.i.d.l.pJU2T.uL.zA"/><publish:partInfo name="Dependency" publish:ismodellink="false" publish:partLowerX="0" publish:partLowerY="0" publish:partUpperX="0" publish:partUpperY="0" shape="rect" xmi:id="_.n.lN.cYHQCE.e.i9.gZ.p.j.uT.b.cA.w"/><publish:partInfo coords="466,797,538,856,532,864,460,805,466,797" name="Dependency" publish:ismodellink="false" shape="poly" xmi:id="_.n.lN.cYHQCE.e.i9.gZ.p.j.uT.b.cA.w"/><publish:partInfo name="Dependency" publish:ismodellink="false" publish:partLowerX="0" publish:partLowerY="0" publish:partUpperX="0" publish:partUpperY="0" shape="rect" xmi:id="_.nO-G.oHQCE.e.i9.gZ.p.j.uT.b.cA.w"/><publish:partInfo coords="400,804,362,863,353,857,391,798,400,804" name="Dependency" publish:ismodellink="false" shape="poly" xmi:id="_.nO-G.oHQCE.e.i9.gZ.p.j.uT.b.cA.w"/><publish:partInfo name="Generalization" publish:ismodellink="false" publish:partLowerX="0" publish:partLowerY="0" publish:partUpperX="0" publish:partUpperY="0" shape="rect" xmi:id="_.d.bSQ.yY.eDE.eOZ2.vW3W.fDP5Q"/><publish:partInfo coords="414,728,414,676,424,676,424,728,414,728" name="Generalization" publish:ismodellink="false" shape="poly" xmi:id="_.d.bSQ.yY.eDE.eOZ2.vW3W.fDP5Q"/><publish:partInfo anchor="#_9.yP.mIH-1E.eO.zEN.pL.s8HI.c.g" name="observation" publish:ismodellink="false" publish:partLowerX="0" publish:partLowerY="0" publish:partUpperX="0" publish:partUpperY="0" shape="rect" xmi:id="_.sX.pX.gH-1E.eO.zEN.pL.s8HI.c.g"/><publish:partInfo anchor="#_9.ySCYH-1E.eO.zEN.pL.s8HI.c.g" name="Property" publish:ismodellink="false" publish:partLowerX="0" publish:partLowerY="0" publish:partUpperX="0" publish:partUpperY="0" shape="rect" xmi:id="_9.yM.i0H-1E.eO.zEN.pL.s8HI.c.g"/><publish:partInfo anchor="#_9.yP.mIH-1E.eO.zEN.pL.s8HI.c.g" name="observation" publish:ismodellink="false" publish:partLowerX="0" publish:partLowerY="0" publish:partUpperX="0" publish:partUpperY="0" shape="rect" xmi:id="_.sX.pX.gH-1E.eO.zEN.pL.s8HI.c.g"/><publish:partInfo anchor="#_9.ySCYH-1E.eO.zEN.pL.s8HI.c.g" name="Property" publish:ismodellink="false" publish:partLowerX="0" publish:partLowerY="0" publish:partUpperX="0" publish:partUpperY="0" shape="rect" xmi:id="_9.yM.i0H-1E.eO.zEN.pL.s8HI.c.g"/><publish:partInfo anchor="#_9.yP.mIH-1E.eO.zEN.pL.s8HI.c.g" name="observation" publish:ismodellink="false" publish:partLowerX="337" publish:partLowerY="316" publish:partUpperX="260" publish:partUpperY="301" shape="rect" xmi:id="_.sX.pX.gH-1E.eO.zEN.pL.s8HI.c.g"/><publish:partInfo anchor="#_9.yP.mIH-1E.eO.zEN.pL.s8HI.c.g" name="observation" publish:ismodellink="false" publish:partLowerX="277" publish:partLowerY="333" publish:partUpperX="272" publish:partUpperY="318" shape="rect" xmi:id="_.sX.pX.gH-1E.eO.zEN.pL.s8HI.c.g"/><publish:partInfo anchor="#_9.ySCYH-1E.eO.zEN.pL.s8HI.c.g" name="Property" publish:ismodellink="false" publish:partLowerX="0" publish:partLowerY="0" publish:partUpperX="0" publish:partUpperY="0" shape="rect" xmi:id="_9.yM.i0H-1E.eO.zEN.pL.s8HI.c.g"/><publish:partInfo anchor="#_9.ySCYH-1E.eO.zEN.pL.s8HI.c.g" name="Property" publish:ismodellink="false" publish:partLowerX="0" publish:partLowerY="0" publish:partUpperX="0" publish:partUpperY="0" shape="rect" xmi:id="_9.yM.i0H-1E.eO.zEN.pL.s8HI.c.g"/><publish:partInfo name="vitalSignsObservationList_observation" publish:ismodellink="false" publish:partLowerX="0" publish:partLowerY="0" publish:partUpperX="0" publish:partUpperY="0" shape="rect" xmi:id="_9.yM.i0H-1E.eO.zEN.pL.s8HI.c.g"/><publish:partInfo coords="167,138,313,345,305,351,158,144,167,138" name="vitalSignsObservationList_observation" publish:ismodellink="false" shape="poly" xmi:id="_9.yM.i0H-1E.eO.zEN.pL.s8HI.c.g"/><publish:partInfo anchor="#_420A62FD03B6424898A200CA" name="status" publish:ismodellink="false" publish:partLowerX="894" publish:partLowerY="259" publish:partUpperX="723" publish:partUpperY="244" shape="rect" xmi:id="_420A62FD03B6418A4E500034"/><publish:partInfo anchor="#_420A62FD03B6422B959E03BD" name="patientId" publish:ismodellink="false" publish:partLowerX="894" publish:partLowerY="243" publish:partUpperX="723" publish:partUpperY="228" shape="rect" xmi:id="_420A62FD03B6418A4E500034"/><publish:partInfo anchor="#_VL1.fMN.rKE.d-.fKY5.d.gJ.o.x.iA" name="mothersIdentifier" publish:ismodellink="false" publish:partLowerX="894" publish:partLowerY="227" publish:partUpperX="723" publish:partUpperY="212" shape="rect" xmi:id="_420A62FD03B6418A4E500034"/><publish:partInfo anchor="#_8.a5VAN.g.hE.eG3E4.m.t6RKX5Q" name="endDate" publish:ismodellink="false" publish:partLowerX="894" publish:partLowerY="211" publish:partUpperX="723" publish:partUpperY="196" shape="rect" xmi:id="_420A62FD03B6418A4E500034"/><publish:partInfo anchor="#_2-.a.eMN.g.hE.eG3E4.m.t6RKX5Q" name="beginDate" publish:ismodellink="false" publish:partLowerX="894" publish:partLowerY="195" publish:partUpperX="723" publish:partUpperY="180" shape="rect" xmi:id="_420A62FD03B6418A4E500034"/><publish:partInfo name="Patient" publish:ismodellink="false" publish:partLowerX="903" publish:partLowerY="264" publish:partUpperX="716" publish:partUpperY="141" shape="rect" xmi:id="_420A62FD03B6418A4E500034"/><publish:partInfo name="ClinicalStatement" publish:ismodellink="false" publish:partLowerX="482" publish:partLowerY="219" publish:partUpperX="345" publish:partUpperY="177" shape="rect" xmi:id="_W.u4M.gKM.yE.eS.jK-UN.p.oDZ.uQ"/><publish:partInfo anchor="#constraintsTable" name="TopicIsRespirationRate" publish:ismodellink="false" publish:partLowerX="1251" publish:partLowerY="759" publish:partUpperX="740" publish:partUpperY="704" shape="rect" xmi:id="_EV.pMQH-3E.eO.zEN.pL.s8HI.c.g"/><publish:partInfo anchor="#constraintsTable" name="ValueIsBPM" publish:ismodellink="false" publish:partLowerX="1078" publish:partLowerY="847" publish:partUpperX="740" publish:partUpperY="776" shape="rect" xmi:id="_EV.pMQH-3E.eO.zEN.pL.s8HI.c.g"/><publish:partInfo anchor="#_1.mX78HQAE.e.i9.gZ.p.j.uT.b.cA.w" name="patientStateExertionQualifier" publish:ismodellink="false" publish:partLowerX="546" publish:partLowerY="799" publish:partUpperX="292" publish:partUpperY="784" shape="rect" xmi:id="_.d.bSQ.yI.eDE.eOZ2.vW3W.fDP5Q"/><publish:partInfo anchor="#_.k8.m.bYHQCE.e.i9.gZ.p.j.uT.b.cA.w" name="oxygenProvisionDeviceQualifier" publish:ismodellink="false" publish:partLowerX="546" publish:partLowerY="783" publish:partUpperX="292" publish:partUpperY="768" shape="rect" xmi:id="_.d.bSQ.yI.eDE.eOZ2.vW3W.fDP5Q"/><publish:partInfo anchor="#_.d.bS3H4.eDE.eOZ2.vW3W.fDP5Q" name="value" publish:ismodellink="false" publish:partLowerX="546" publish:partLowerY="767" publish:partUpperX="292" publish:partUpperY="752" shape="rect" xmi:id="_.d.bSQ.yI.eDE.eOZ2.vW3W.fDP5Q"/><publish:partInfo name="RespirationObservation" publish:ismodellink="false" publish:partLowerX="555" publish:partLowerY="804" publish:partUpperX="285" publish:partUpperY="728" shape="rect" xmi:id="_.d.bSQ.yI.eDE.eOZ2.vW3W.fDP5Q"/><publish:partInfo name="VitalSignsObservationList" publish:ismodellink="false" publish:partLowerX="244" publish:partLowerY="144" publish:partUpperX="57" publish:partUpperY="105" shape="rect" xmi:id="_.sX.pX.gH-1E.eO.zEN.pL.s8HI.c.g"/><publish:partInfo name="InformationEntry" publish:ismodellink="false" publish:partLowerX="477" publish:partLowerY="87" publish:partUpperX="345" publish:partUpperY="45" shape="rect" xmi:id="_8.l.v.uIDK.fE.e.i.d.l.pJU2T.uL.zA"/><publish:partInfo anchor="#_JKN14IF.xE.e.iF.w.eA6NKJQO.g" name="partOf" publish:ismodellink="false" publish:partLowerX="522" publish:partLowerY="674" publish:partUpperX="315" publish:partUpperY="659" shape="rect" xmi:id="_.n.bH1LV.a.eE.d6.rJ7.j.pZ7LBF.g"/><publish:partInfo anchor="#_.d.j.gDMIF.xE.e.iF.w.eA6NKJQO.g" name="hasMember" publish:ismodellink="false" publish:partLowerX="522" publish:partLowerY="658" publish:partUpperX="315" publish:partUpperY="643" shape="rect" xmi:id="_.n.bH1LV.a.eE.d6.rJ7.j.pZ7LBF.g"/><publish:partInfo anchor="#_JKN16IF.xE.e.iF.w.eA6NKJQO.g" name="derivedFrom" publish:ismodellink="false" publish:partLowerX="522" publish:partLowerY="642" publish:partUpperX="315" publish:partUpperY="627" shape="rect" xmi:id="_.n.bH1LV.a.eE.d6.rJ7.j.pZ7LBF.g"/><publish:partInfo anchor="#_VCE.nMPOOE.eGMQ.v.y2.b7F.vN.g" name="value" publish:ismodellink="false" publish:partLowerX="522" publish:partLowerY="626" publish:partUpperX="315" publish:partUpperY="611" shape="rect" xmi:id="_.n.bH1LV.a.eE.d6.rJ7.j.pZ7LBF.g"/><publish:partInfo anchor="#_GI.b5.cB7ME.e.eR140.u.d.o0.p.bA" name="resultStatus" publish:ismodellink="false" publish:partLowerX="522" publish:partLowerY="610" publish:partUpperX="315" publish:partUpperY="595" shape="rect" xmi:id="_.n.bH1LV.a.eE.d6.rJ7.j.pZ7LBF.g"/><publish:partInfo anchor="#_.n.bH1TF.a.eE.d6.rJ7.j.pZ7LBF.g" name="reliability" publish:ismodellink="false" publish:partLowerX="522" publish:partLowerY="594" publish:partUpperX="315" publish:partUpperY="579" shape="rect" xmi:id="_.n.bH1LV.a.eE.d6.rJ7.j.pZ7LBF.g"/><publish:partInfo anchor="#_.qR.z1UB.c.bE.eOL3N.w-.k5H.kN.w" name="observedCharacteristic" publish:ismodellink="false" publish:partLowerX="522" publish:partLowerY="578" publish:partUpperX="315" publish:partUpperY="563" shape="rect" xmi:id="_.n.bH1LV.a.eE.d6.rJ7.j.pZ7LBF.g"/><publish:partInfo anchor="#_EKV.i4IF.uE.e.iF.w.eA6NKJQO.g" name="observed" publish:ismodellink="false" publish:partLowerX="522" publish:partLowerY="562" publish:partUpperX="315" publish:partUpperY="547" shape="rect" xmi:id="_.n.bH1LV.a.eE.d6.rJ7.j.pZ7LBF.g"/><publish:partInfo anchor="#_.u06.oBIF.uE.e.iF.w.eA6NKJQO.g" name="multimedia" publish:ismodellink="false" publish:partLowerX="522" publish:partLowerY="546" publish:partUpperX="315" publish:partUpperY="531" shape="rect" xmi:id="_.n.bH1LV.a.eE.d6.rJ7.j.pZ7LBF.g"/><publish:partInfo anchor="#_.n.bH1Q.l.a.eE.d6.rJ7.j.pZ7LBF.g" name="method" publish:ismodellink="false" publish:partLowerX="522" publish:partLowerY="530" publish:partUpperX="315" publish:partUpperY="515" shape="rect" xmi:id="_.n.bH1LV.a.eE.d6.rJ7.j.pZ7LBF.g"/><publish:partInfo anchor="#_.aE.u.l0LN.vE.e.i.oC_3I.yVLSUA" name="exceptionValue" publish:ismodellink="false" publish:partLowerX="522" publish:partLowerY="514" publish:partUpperX="315" publish:partUpperY="499" shape="rect" xmi:id="_.n.bH1LV.a.eE.d6.rJ7.j.pZ7LBF.g"/><publish:partInfo anchor="#_.u06.oAIF.uE.e.iF.w.eA6NKJQO.g" name="description" publish:ismodellink="false" publish:partLowerX="522" publish:partLowerY="499" publish:partUpperX="315" publish:partUpperY="484" shape="rect" xmi:id="_.n.bH1LV.a.eE.d6.rJ7.j.pZ7LBF.g"/><publish:partInfo anchor="#_QURJJIF.uE.e.iF.w.eA6NKJQO.g" name="deltaFlag" publish:ismodellink="false" publish:partLowerX="522" publish:partLowerY="483" publish:partUpperX="315" publish:partUpperY="468" shape="rect" xmi:id="_.n.bH1LV.a.eE.d6.rJ7.j.pZ7LBF.g"/><publish:partInfo anchor="#_6U_P0B7.nE.e.eR140.u.d.o0.p.bA" name="dateTimeIssued" publish:ismodellink="false" publish:partLowerX="522" publish:partLowerY="467" publish:partUpperX="315" publish:partUpperY="452" shape="rect" xmi:id="_.n.bH1LV.a.eE.d6.rJ7.j.pZ7LBF.g"/><publish:partInfo anchor="#_.n.bH1NV.a.eE.d6.rJ7.j.pZ7LBF.g" name="dateTime" publish:ismodellink="false" publish:partLowerX="522" publish:partLowerY="451" publish:partUpperX="315" publish:partUpperY="436" shape="rect" xmi:id="_.n.bH1LV.a.eE.d6.rJ7.j.pZ7LBF.g"/><publish:partInfo anchor="#_E.pMB8H.y.wE.eSWGIF.kX6Z.y.f.g" name="dataAbsentReason" publish:ismodellink="false" publish:partLowerX="522" publish:partLowerY="435" publish:partUpperX="315" publish:partUpperY="420" shape="rect" xmi:id="_.n.bH1LV.a.eE.d6.rJ7.j.pZ7LBF.g"/><publish:partInfo anchor="#_.k.n6.o.wB7OE.e.eR140.u.d.o0.p.bA" name="category" publish:ismodellink="false" publish:partLowerX="522" publish:partLowerY="419" publish:partUpperX="315" publish:partUpperY="404" shape="rect" xmi:id="_.n.bH1LV.a.eE.d6.rJ7.j.pZ7LBF.g"/><publish:partInfo anchor="#_.n.bH1L1.a.eE.d6.rJ7.j.pZ7LBF.g" name="bodySite" publish:ismodellink="false" publish:partLowerX="522" publish:partLowerY="403" publish:partUpperX="315" publish:partUpperY="388" shape="rect" xmi:id="_.n.bH1LV.a.eE.d6.rJ7.j.pZ7LBF.g"/><publish:partInfo name="ObservationStatement" publish:ismodellink="false" publish:partLowerX="532" publish:partLowerY="679" publish:partUpperX="309" publish:partUpperY="333" shape="rect" xmi:id="_.n.bH1LV.a.eE.d6.rJ7.j.pZ7LBF.g"/></contents><ownedComment annotatedElement="_.d.bRB4I.eDE.eOZ2.vW3W.fDP5Q" body="“The respiratory rate (RR), also known as the respiration rate, ventilation rate, ventilatory rate, ventilation frequency (Vf), respiration frequency (Rf), pulmonary ventilation rate, or breathing frequency, is the rate (frequency) of ventilation, that is, the number of breaths (inhalation-exhalation cycles) taken within a set amount of time (typically 60 seconds)” – Wikipedia.&#13;&#10;&#13;&#10;This package represents the measurement (or “clinical observation”) of the patient’s Respiration Rate.  It contains an Observation sub-type that constrains the type of observation to that of Respiration Rate, and two redefined observation qualifier classes that indicate: a) whether the patient at rest or exercising during the measurement, and b) what kind (if any) of assisted ventilation device was in use during the measurement." isDocumentation="true" isURL="false" name="&lt;Unnamed Comment&gt;" publish:icon="2039268250_icon.png" publish:qualifiedname="FHIM::VitalSigns::RespirationRate::&lt;Comment&gt;" xmi:id="_9.xJ.u.cN0.rE.eSZ.f.d.q7.h5.u.eSA" xsi:type="uml:Comment"><publish:properties><publish:property canonicalName="body" name="Body" publish:category="UML" publish:value="“The respiratory rate (RR), also known as the respiration rate, ventilation rate, ventilatory rate, ventilation frequency (Vf), respiration frequency (Rf), pulmonary ventilation rate, or breathing frequency, is the rate (frequency) of ventilation, that is, the number of breaths (inhalation-exhalation cycles) taken within a set amount of time (typically 60 seconds)” – Wikipedia...."/><publish:property canonicalName="Keywords" name="Keywords" publish:category="UML"/><publish:property canonicalName="owner" name="Owner" publish:category="UML" publish:ismodellink="false" publish:value="RespirationRate" xmi:id="_.d.bRB4I.eDE.eOZ2.vW3W.fDP5Q"/><publish:property canonicalName="Stereotype" name="Stereotype" publish:category="UML" publish:value="documentation"/></publish:properties></ownedComment><packagedElement name="RespirationObservation" publish:icon="195141508_icon.png" publish:qualifiedname="FHIM::VitalSigns::RespirationRate::RespirationObservation" xmi:id="_.d.bSQ.yI.eDE.eOZ2.vW3W.fDP5Q" xsi:type="uml:Class"><publish:properties><publish:property canonicalName="Alias" name="Alias" publish:category="UML"/><publish:property canonicalName="classifierBehavior" name="Classifier Behavior" publish:category="UML"/><publish:property canonicalName="isAbstract" name="Is Abstract" publish:category="UML" publish:value="false"/><publish:property canonicalName="isActive" name="Is Active" publish:category="UML" publish:value="false"/><publish:property canonicalName="isLeaf" name="Is Leaf" publish:category="UML" publish:value="false"/><publish:property canonicalName="Keywords" name="Keywords" publish:category="UML"/><publish:property canonicalName="name" name="Name" publish:category="UML" publish:value="RespirationObservation"/><publish:property canonicalName="nameExpression" name="Name Expression" publish:category="UML"/><publish:property canonicalName="namespace" name="Namespace" publish:category="UML" publish:ismodellink="false" publish:value="RespirationRate" xmi:id="_.d.bRB4I.eDE.eOZ2.vW3W.fDP5Q"/><publish:property canonicalName="ownedTemplateSignature" name="Owned Template Signature" publish:category="UML"/><publish:property canonicalName="owner" name="Owner" publish:category="UML" publish:ismodellink="false" publish:value="RespirationRate" xmi:id="_.d.bRB4I.eDE.eOZ2.vW3W.fDP5Q"/><publish:property canonicalName="owningTemplateParameter" name="Owning Template Parameter" publish:category="UML"/><publish:property canonicalName="package" name="Package" publish:category="UML" publish:ismodellink="false" publish:value="RespirationRate" xmi:id="_.d.bRB4I.eDE.eOZ2.vW3W.fDP5Q"/><publish:property canonicalName="qualifiedName" name="Qualified Name" publish:category="UML" publish:value="FHIM::VitalSigns::RespirationRate::RespirationObservation"/><publish:property canonicalName="representation" name="Representation" publish:category="UML"/><publish:property canonicalName="Stereotype" name="Stereotype" publish:category="UML"/><publish:property canonicalName="templateParameter" name="Template Parameter" publish:category="UML"/><publish:property canonicalName="visibility" name="Visibility" publish:category="UML" publish:value="Public"/></publish:properties><ancestor name="ObservationStatement" publish:icon="195141508_icon.png" publish:qualifiedname="FHIM::ClinicalObservation::ObservationStatement" xmi:id="_.n.bH1LV.a.eE.d6.rJ7.j.pZ7LBF.g" xsi:type="uml:Class"><inheritedAttribute anchor="#_XX-.x.kIF.wE.e.iF.w.eA6NKJQO.g" name="basedOn" publish:icon="-504166055_icon.png" publish:qualifiedname="FHIM::ClinicalObservation::ObservationStatement::basedOn" xmi:id="_.n.bH1LV.a.eE.d6.rJ7.j.pZ7LBF.g" xsi:type="uml:Property"/><inheritedAttribute anchor="#_.n.bH1L1.a.eE.d6.rJ7.j.pZ7LBF.g" name="bodySite" publish:icon="-504166055_icon.png" publish:qualifiedname="FHIM::ClinicalObservation::ObservationStatement::bodySite" xmi:id="_.n.bH1LV.a.eE.d6.rJ7.j.pZ7LBF.g" xsi:type="uml:Property"/><inheritedAttribute anchor="#_.k.n6.o.wB7OE.e.eR140.u.d.o0.p.bA" name="category" publish:icon="-504166055_icon.png" publish:qualifiedname="FHIM::ClinicalObservation::ObservationStatement::category" xmi:id="_.n.bH1LV.a.eE.d6.rJ7.j.pZ7LBF.g" xsi:type="uml:Property"/><inheritedAttribute anchor="#_.l.m5Z.cB-SE.e.e94I.o.vP.w.pK.f.w" name="componentObservation" publish:icon="-504166055_icon.png" publish:qualifiedname="FHIM::ClinicalObservation::ObservationStatement::componentObservation" xmi:id="_.n.bH1LV.a.eE.d6.rJ7.j.pZ7LBF.g" xsi:type="uml:Property"/><inheritedAttribute anchor="#_E.pMB8H.y.wE.eSWGIF.kX6Z.y.f.g" name="dataAbsentReason" publish:icon="-504166055_icon.png" publish:qualifiedname="FHIM::ClinicalObservation::ObservationStatement::dataAbsentReason" xmi:id="_.n.bH1LV.a.eE.d6.rJ7.j.pZ7LBF.g" xsi:type="uml:Property"/><inheritedAttribute anchor="#_.n.bH1NV.a.eE.d6.rJ7.j.pZ7LBF.g" name="dateTime" publish:icon="-504166055_icon.png" publish:qualifiedname="FHIM::ClinicalObservation::ObservationStatement::dateTime" xmi:id="_.n.bH1LV.a.eE.d6.rJ7.j.pZ7LBF.g" xsi:type="uml:Property"/><inheritedAttribute anchor="#_6U_P0B7.nE.e.eR140.u.d.o0.p.bA" name="dateTimeIssued" publish:icon="-504166055_icon.png" publish:qualifiedname="FHIM::ClinicalObservation::ObservationStatement::dateTimeIssued" xmi:id="_.n.bH1LV.a.eE.d6.rJ7.j.pZ7LBF.g" xsi:type="uml:Property"/><inheritedAttribute anchor="#_QURJJIF.uE.e.iF.w.eA6NKJQO.g" name="deltaFlag" publish:icon="-504166055_icon.png" publish:qualifiedname="FHIM::ClinicalObservation::ObservationStatement::deltaFlag" xmi:id="_.n.bH1LV.a.eE.d6.rJ7.j.pZ7LBF.g" xsi:type="uml:Property"/><inheritedAttribute anchor="#_.u06.oAIF.uE.e.iF.w.eA6NKJQO.g" name="description" publish:icon="-504166055_icon.png" publish:qualifiedname="FHIM::ClinicalObservation::ObservationStatement::description" xmi:id="_.n.bH1LV.a.eE.d6.rJ7.j.pZ7LBF.g" xsi:type="uml:Property"/><inheritedAttribute anchor="#_.fVF.sIB7.tE.e.eR140.u.d.o0.p.bA" name="deviceInstance" publish:icon="-504166055_icon.png" publish:qualifiedname="FHIM::ClinicalObservation::ObservationStatement::deviceInstance" xmi:id="_.n.bH1LV.a.eE.d6.rJ7.j.pZ7LBF.g" xsi:type="uml:Property"/><inheritedAttribute anchor="#_PK.p3AB.y.bE.eOR-.a0_.xU.g6BQ" name="encounter" publish:icon="-504166055_icon.png" publish:qualifiedname="FHIM::ClinicalObservation::ObservationStatement::encounter" xmi:id="_.n.bH1LV.a.eE.d6.rJ7.j.pZ7LBF.g" xsi:type="uml:Property"/><inheritedAttribute anchor="#_.o.cTY.wYF.xE.e.iF.w.eA6NKJQO.g" name="evaluationProcedure" publish:icon="-504166055_icon.png" publish:qualifiedname="FHIM::ClinicalObservation::ObservationStatement::evaluationProcedure" xmi:id="_.n.bH1LV.a.eE.d6.rJ7.j.pZ7LBF.g" xsi:type="uml:Property"/><inheritedAttribute anchor="#_.aE.u.l0LN.vE.e.i.oC_3I.yVLSUA" name="exceptionValue" publish:icon="-504166055_icon.png" publish:qualifiedname="FHIM::ClinicalObservation::ObservationStatement::exceptionValue" xmi:id="_.n.bH1LV.a.eE.d6.rJ7.j.pZ7LBF.g" xsi:type="uml:Property"/><inheritedAttribute anchor="#_.l45L8B.c.pE.eOL3N.w-.k5H.kN.w" name="interpretationEvent" publish:icon="-504166055_icon.png" publish:qualifiedname="FHIM::ClinicalObservation::ObservationStatement::interpretationEvent" xmi:id="_.n.bH1LV.a.eE.d6.rJ7.j.pZ7LBF.g" xsi:type="uml:Property"/><inheritedAttribute anchor="#_.n.bH1Q.l.a.eE.d6.rJ7.j.pZ7LBF.g" name="method" publish:icon="-504166055_icon.png" publish:qualifiedname="FHIM::ClinicalObservation::ObservationStatement::method" xmi:id="_.n.bH1LV.a.eE.d6.rJ7.j.pZ7LBF.g" xsi:type="uml:Property"/><inheritedAttribute anchor="#_.u06.oBIF.uE.e.iF.w.eA6NKJQO.g" name="multimedia" publish:icon="-504166055_icon.png" publish:qualifiedname="FHIM::ClinicalObservation::ObservationStatement::multimedia" xmi:id="_.n.bH1LV.a.eE.d6.rJ7.j.pZ7LBF.g" xsi:type="uml:Property"/><inheritedAttribute anchor="#_EKV.i4IF.uE.e.iF.w.eA6NKJQO.g" name="observed" publish:icon="-504166055_icon.png" publish:qualifiedname="FHIM::ClinicalObservation::ObservationStatement::observed" xmi:id="_.n.bH1LV.a.eE.d6.rJ7.j.pZ7LBF.g" xsi:type="uml:Property"/><inheritedAttribute anchor="#_.qR.z1UB.c.bE.eOL3N.w-.k5H.kN.w" name="observedCharacteristic" publish:icon="-504166055_icon.png" publish:qualifiedname="FHIM::ClinicalObservation::ObservationStatement::observedCharacteristic" xmi:id="_.n.bH1LV.a.eE.d6.rJ7.j.pZ7LBF.g" xsi:type="uml:Property"/><inheritedAttribute anchor="#_LYG.wEPDOE.eO_T.e8.vA.bT_YQ" name="referenceRange" publish:icon="-504166055_icon.png" publish:qualifiedname="FHIM::ClinicalObservation::ObservationStatement::referenceRange" xmi:id="_.n.bH1LV.a.eE.d6.rJ7.j.pZ7LBF.g" xsi:type="uml:Property"/><inheritedAttribute anchor="#_.n.bH1TF.a.eE.d6.rJ7.j.pZ7LBF.g" name="reliability" publish:icon="-504166055_icon.png" publish:qualifiedname="FHIM::ClinicalObservation::ObservationStatement::reliability" xmi:id="_.n.bH1LV.a.eE.d6.rJ7.j.pZ7LBF.g" xsi:type="uml:Property"/><inheritedAttribute anchor="#_GI.b5.cB7ME.e.eR140.u.d.o0.p.bA" name="resultStatus" publish:icon="-504166055_icon.png" publish:qualifiedname="FHIM::ClinicalObservation::ObservationStatement::resultStatus" xmi:id="_.n.bH1LV.a.eE.d6.rJ7.j.pZ7LBF.g" xsi:type="uml:Property"/><inheritedAttribute anchor="#_DU4.w.wB7.tE.e.eR140.u.d.o0.p.bA" name="specimen" publish:icon="-504166055_icon.png" publish:qualifiedname="FHIM::ClinicalObservation::ObservationStatement::specimen" xmi:id="_.n.bH1LV.a.eE.d6.rJ7.j.pZ7LBF.g" xsi:type="uml:Property"/><inheritedAttribute anchor="#_VCE.nMPOOE.eGMQ.v.y2.b7F.vN.g" name="value" publish:icon="-504166055_icon.png" publish:qualifiedname="FHIM::ClinicalObservation::ObservationStatement::value" xmi:id="_.n.bH1LV.a.eE.d6.rJ7.j.pZ7LBF.g" xsi:type="uml:Property"/><inheritedAttribute anchor="#_JKN16IF.xE.e.iF.w.eA6NKJQO.g" name="derivedFrom" publish:icon="-504166055_icon.png" publish:qualifiedname="FHIM::ClinicalObservation::ObservationStatement::derivedFrom" xmi:id="_.n.bH1LV.a.eE.d6.rJ7.j.pZ7LBF.g" xsi:type="uml:Property"/><inheritedAttribute anchor="#_.d.j.gDMIF.xE.e.iF.w.eA6NKJQO.g" name="hasMember" publish:icon="-504166055_icon.png" publish:qualifiedname="FHIM::ClinicalObservation::ObservationStatement::hasMember" xmi:id="_.n.bH1LV.a.eE.d6.rJ7.j.pZ7LBF.g" xsi:type="uml:Property"/><inheritedAttribute anchor="#_JKN14IF.xE.e.iF.w.eA6NKJQO.g" name="partOf" publish:icon="-504166055_icon.png" publish:qualifiedname="FHIM::ClinicalObservation::ObservationStatement::partOf" xmi:id="_.n.bH1LV.a.eE.d6.rJ7.j.pZ7LBF.g" xsi:type="uml:Property"/></ancestor><ancestor name="ClinicalStatement" publish:icon="195141508_icon.png" publish:qualifiedname="FHIM::Common::ClinicalStatement" xmi:id="_W.u4M.gKM.yE.eS.jK-UN.p.oDZ.uQ" xsi:type="uml:Class"><inheritedAttribute anchor="#_.yUD.e.oOS.kE.e.aMP8O.h.jV.e.y.r.g" name="clinicalDataSource" publish:icon="-504166055_icon.png" publish:qualifiedname="FHIM::Common::ClinicalStatement::clinicalDataSource" xmi:id="_W.u4M.gKM.yE.eS.jK-UN.p.oDZ.uQ" xsi:type="uml:Property"/><inheritedAttribute anchor="#_O.eQTIAXZE.e.e.bQ.s_.lQM5.n6.g" name="comment" publish:icon="-504166055_icon.png" publish:qualifiedname="FHIM::Common::ClinicalStatement::comment" xmi:id="_W.u4M.gKM.yE.eS.jK-UN.p.oDZ.uQ" xsi:type="uml:Property"/><inheritedAttribute anchor="#_XO.l.p.cOQ.xE.e.aH9.t35G2.s.n.aA" name="contentVersion" publish:icon="-504166055_icon.png" publish:qualifiedname="FHIM::Common::ClinicalStatement::contentVersion" xmi:id="_W.u4M.gKM.yE.eS.jK-UN.p.oDZ.uQ" xsi:type="uml:Property"/><inheritedAttribute anchor="#_.y6-.nED.n0E.e.i.e.f.c.oRQJX.pFA" name="contextCode" publish:icon="-504166055_icon.png" publish:qualifiedname="FHIM::Common::ClinicalStatement::contextCode" xmi:id="_W.u4M.gKM.yE.eS.jK-UN.p.oDZ.uQ" xsi:type="uml:Property"/><inheritedAttribute anchor="#_F7.g.cQD.n2E.e.i.e.f.c.oRQJX.pFA" name="encounter" publish:icon="-504166055_icon.png" publish:qualifiedname="FHIM::Common::ClinicalStatement::encounter" xmi:id="_W.u4M.gKM.yE.eS.jK-UN.p.oDZ.uQ" xsi:type="uml:Property"/><inheritedAttribute anchor="#_.n.bH1TV.a.eE.d6.rJ7.j.pZ7LBF.g" name="recordStatus" publish:icon="-504166055_icon.png" publish:qualifiedname="FHIM::Common::ClinicalStatement::recordStatus" xmi:id="_W.u4M.gKM.yE.eS.jK-UN.p.oDZ.uQ" xsi:type="uml:Property"/><inheritedAttribute anchor="#_A_6W8L.k.xE.eS.vI.b.hH.aIF.eOA" name="relatedClinicalInformation" publish:icon="-504166055_icon.png" publish:qualifiedname="FHIM::Common::ClinicalStatement::relatedClinicalInformation" xmi:id="_W.u4M.gKM.yE.eS.jK-UN.p.oDZ.uQ" xsi:type="uml:Property"/><inheritedAttribute anchor="#_.lYI78KM.yE.eS.jK-UN.p.oDZ.uQ" name="sourceRecordType" publish:icon="-504166055_icon.png" publish:qualifiedname="FHIM::Common::ClinicalStatement::sourceRecordType" xmi:id="_W.u4M.gKM.yE.eS.jK-UN.p.oDZ.uQ" xsi:type="uml:Property"/><inheritedAttribute anchor="#_V.uE.k4KM0E.eS.jK-UN.p.oDZ.uQ" name="sourceSystem" publish:icon="-504166055_icon.png" publish:qualifiedname="FHIM::Common::ClinicalStatement::sourceSystem" xmi:id="_W.u4M.gKM.yE.eS.jK-UN.p.oDZ.uQ" xsi:type="uml:Property"/><inheritedAttribute anchor="#_1.o-BYO.pJE.e.aW.rIJ.dH.o1TM.w" name="subjectOfInformation" publish:icon="-504166055_icon.png" publish:qualifiedname="FHIM::Common::ClinicalStatement::subjectOfInformation" xmi:id="_W.u4M.gKM.yE.eS.jK-UN.p.oDZ.uQ" xsi:type="uml:Property"/><inheritedAttribute anchor="#_4.xF.h.kOS.mE.e.aMP8O.h.jV.e.y.r.g" name="subjectOfRecord" publish:icon="-504166055_icon.png" publish:qualifiedname="FHIM::Common::ClinicalStatement::subjectOfRecord" xmi:id="_W.u4M.gKM.yE.eS.jK-UN.p.oDZ.uQ" xsi:type="uml:Property"/><inheritedAttribute anchor="#_.y6-.nFD.n0E.e.i.e.f.c.oRQJX.pFA" name="temporalContext" publish:icon="-504166055_icon.png" publish:qualifiedname="FHIM::Common::ClinicalStatement::temporalContext" xmi:id="_W.u4M.gKM.yE.eS.jK-UN.p.oDZ.uQ" xsi:type="uml:Property"/><inheritedAttribute anchor="#_.r.gEU.sD.n0E.e.i.e.f.c.oRQJX.pFA" name="topicCode" publish:icon="-504166055_icon.png" publish:qualifiedname="FHIM::Common::ClinicalStatement::topicCode" xmi:id="_W.u4M.gKM.yE.eS.jK-UN.p.oDZ.uQ" xsi:type="uml:Property"/><inheritedAttribute anchor="#_R.a07EOQ.xE.e.aH9.t35G2.s.n.aA" name="cosigned" publish:icon="-504166055_icon.png" publish:qualifiedname="FHIM::Common::ClinicalStatement::cosigned" xmi:id="_W.u4M.gKM.yE.eS.jK-UN.p.oDZ.uQ" xsi:type="uml:Property"/><inheritedAttribute anchor="#_N.gU0YOQ.xE.e.aH9.t35G2.s.n.aA" name="recorded" publish:icon="-504166055_icon.png" publish:qualifiedname="FHIM::Common::ClinicalStatement::recorded" xmi:id="_W.u4M.gKM.yE.eS.jK-UN.p.oDZ.uQ" xsi:type="uml:Property"/><inheritedAttribute anchor="#_N.l.qAUOQ.xE.e.aH9.t35G2.s.n.aA" name="signed" publish:icon="-504166055_icon.png" publish:qualifiedname="FHIM::Common::ClinicalStatement::signed" xmi:id="_W.u4M.gKM.yE.eS.jK-UN.p.oDZ.uQ" xsi:type="uml:Property"/><inheritedAttribute anchor="#_-.b.m.yYOS8E.e.aMP8O.h.jV.e.y.r.g" name="verified" publish:icon="-504166055_icon.png" publish:qualifiedname="FHIM::Common::ClinicalStatement::verified" xmi:id="_W.u4M.gKM.yE.eS.jK-UN.p.oDZ.uQ" xsi:type="uml:Property"/></ancestor><ancestor name="InformationEntry" publish:icon="195141508_icon.png" publish:qualifiedname="FHIM::Common::InformationEntry" xmi:id="_8.l.v.uIDK.fE.e.i.d.l.pJU2T.uL.zA" xsi:type="uml:Class"><inheritedAttribute anchor="#_.n.bH1P1.a.eE.d6.rJ7.j.pZ7LBF.g" name="identifier" publish:icon="-504166055_icon.png" publish:qualifiedname="FHIM::Common::InformationEntry::identifier" xmi:id="_8.l.v.uIDK.fE.e.i.d.l.pJU2T.uL.zA" xsi:type="uml:Property"/></ancestor><ownedComment annotatedElement="_.d.bSQ.yI.eDE.eOZ2.vW3W.fDP5Q" body="“The respiratory rate (RR), also known as the respiration rate, ventilation rate, ventilatory rate, ventilation frequency (Vf), respiration frequency (Rf), pulmonary ventilation rate, or breathing frequency, is the rate (frequency) of ventilation, that is, the number of breaths (inhalation-exhalation cycles) taken within a set amount of time (typically 60 seconds)” – Wikipedia.&#13;&#10;&#13;&#10;This class represents the measurement (or “clinical observation”) of the patient’s Respiration Rate.  This class re-defines the generic clinical Observation class to fix the observed characteristic to LOINC 9279-1 and to set the data type of the observation value to a Physical Quantity." isDocumentation="true" isURL="false" name="&lt;Unnamed Comment&gt;" publish:icon="2039268250_icon.png" publish:qualifiedname="FHIM::VitalSigns::RespirationRate::RespirationObservation::&lt;Comment&gt;" xmi:id="_7.h.r.mMN0.rE.eSZ.f.d.q7.h5.u.eSA" xsi:type="uml:Comment"><publish:properties><publish:property canonicalName="body" name="Body" publish:category="UML" publish:value="“The respiratory rate (RR), also known as the respiration rate, ventilation rate, ventilatory rate, ventilation frequency (Vf), respiration frequency (Rf), pulmonary ventilation rate, or breathing frequency, is the rate (frequency) of ventilation, that is, the number of breaths (inhalation-exhalation cycles) taken within a set amount of time (typically 60 seconds)” – Wikipedia...."/><publish:property canonicalName="Keywords" name="Keywords" publish:category="UML"/><publish:property canonicalName="owner" name="Owner" publish:category="UML" publish:ismodellink="false" publish:value="RespirationObservation" xmi:id="_.d.bSQ.yI.eDE.eOZ2.vW3W.fDP5Q"/><publish:property canonicalName="Stereotype" name="Stereotype" publish:category="UML" publish:value="documentation"/></publish:properties></ownedComment><ownedRule body="self.value.literal &gt;= 0.0 and self.value.literal &lt;= 60&#13;&#10;-- note the unit of measure (breaths per minute) is assumed.&#13;&#10;-- need to verify upper limit" constrainedElement="_EV.pMQH-3E.eO.zEN.pL.s8HI.c.g" name="ValueIsBPM" publish:icon="-399508776_icon.png" publish:qualifiedname="FHIM::VitalSigns::RespirationRate::RespirationObservation::ValueIsBPM" xmi:id="_.p.fN2.gHP4E.e.iV16B.d.s.fE5.oQ" xsi:type="uml:Constraint"><publish:properties><publish:property canonicalName="Alias" name="Alias" publish:category="UML"/><publish:property canonicalName="context" name="Context" publish:category="UML" publish:ismodellink="false" publish:value="RespirationObservation" xmi:id="_.d.bSQ.yI.eDE.eOZ2.vW3W.fDP5Q"/><publish:property canonicalName="Keywords" name="Keywords" publish:category="UML"/><publish:property canonicalName="name" name="Name" publish:category="UML" publish:value="ValueIsBPM"/><publish:property canonicalName="nameExpression" name="Name Expression" publish:category="UML"/><publish:property canonicalName="namespace" name="Namespace" publish:category="UML" publish:ismodellink="false" publish:value="RespirationObservation" xmi:id="_.d.bSQ.yI.eDE.eOZ2.vW3W.fDP5Q"/><publish:property canonicalName="owner" name="Owner" publish:category="UML" publish:ismodellink="false" publish:value="RespirationObservation" xmi:id="_.d.bSQ.yI.eDE.eOZ2.vW3W.fDP5Q"/><publish:property canonicalName="owningTemplateParameter" name="Owning Template Parameter" publish:category="UML"/><publish:property canonicalName="qualifiedName" name="Qualified Name" publish:category="UML" publish:value="FHIM::VitalSigns::RespirationRate::RespirationObservation::ValueIsBPM"/><publish:property canonicalName="specification" name="Specification" publish:category="UML" publish:nohref="true" publish:value="(self.value.literal &gt;= 0.0 and self.value.literal &lt;= 60&#13;&#10;-- note the unit of measure (breaths per minute) is assumed.&#13;&#10;-- need to verify upper limit)"/><publish:property canonicalName="Stereotype" name="Stereotype" publish:category="UML"/><publish:property canonicalName="templateParameter" name="Template Parameter" publish:category="UML"/><publish:property canonicalName="visibility" name="Visibility" publish:category="UML" publish:value="Public"/></publish:properties><specification name="&lt;Unnamed OpaqueExpression&gt;" publish:icon="2076691644_icon.png" publish:qualifiedname="FHIM::VitalSigns::RespirationRate::RespirationObservation::ValueIsBPM::&lt;OpaqueExpression&gt;" xmi:id="_.p.fN2.gXP4E.e.iV16B.d.s.fE5.oQ" xsi:type="uml:OpaqueExpression"><publish:properties><publish:property canonicalName="Alias" name="Alias" publish:category="UML"/><publish:property canonicalName="behavior" name="Behavior" publish:category="UML"/><publish:property canonicalName="body" name="Body" publish:category="UML" publish:value="self.value.literal &gt;= 0.0 and self.value.literal &lt;= 60..."/><publish:property canonicalName="Keywords" name="Keywords" publish:category="UML"/><publish:property canonicalName="language" name="Language" publish:category="UML" publish:value="OCL"/><publish:property canonicalName="name" name="Name" publish:category="UML"/><publish:property canonicalName="nameExpression" name="Name Expression" publish:category="UML"/><publish:property canonicalName="namespace" name="Namespace" publish:category="UML"/><publish:property anchor="#constraintsTable" canonicalName="owner" name="Owner" publish:category="UML" publish:ismodellink="false" publish:value="ValueIsBPM" xmi:id="_EV.pMQH-3E.eO.zEN.pL.s8HI.c.g"/><publish:property canonicalName="owningTemplateParameter" name="Owning Template Parameter" publish:category="UML"/><publish:property canonicalName="qualifiedName" name="Qualified Name" publish:category="UML"/><publish:property canonicalName="result" name="Result" publish:category="UML"/><publish:property canonicalName="Stereotype" name="Stereotype" publish:category="UML"/><publish:property canonicalName="templateParameter" name="Template Parameter" publish:category="UML"/><publish:property canonicalName="type" name="Type" publish:category="UML"/><publish:property canonicalName="visibility" name="Visibility" publish:category="UML" publish:value="Public"/></publish:properties></specification></ownedRule><ownedRule body="self.topicCode.codeSystem.codeSystemName = 'LOINC' and self.topicCode.code = '9279-1'" constrainedElement="_EV.pMQH-3E.eO.zEN.pL.s8HI.c.g" name="TopicIsRespirationRate" publish:icon="-399508776_icon.png" publish:qualifiedname="FHIM::VitalSigns::RespirationRate::RespirationObservation::TopicIsRespirationRate" xmi:id="_P.x.j.r4HQAE.e.i9.gZ.p.j.uT.b.cA.w" xsi:type="uml:Constraint"><publish:properties><publish:property canonicalName="Alias" name="Alias" publish:category="UML"/><publish:property canonicalName="context" name="Context" publish:category="UML" publish:ismodellink="false" publish:value="RespirationObservation" xmi:id="_.d.bSQ.yI.eDE.eOZ2.vW3W.fDP5Q"/><publish:property canonicalName="Keywords" name="Keywords" publish:category="UML"/><publish:property canonicalName="name" name="Name" publish:category="UML" publish:value="TopicIsRespirationRate"/><publish:property canonicalName="nameExpression" name="Name Expression" publish:category="UML"/><publish:property canonicalName="namespace" name="Namespace" publish:category="UML" publish:ismodellink="false" publish:value="RespirationObservation" xmi:id="_.d.bSQ.yI.eDE.eOZ2.vW3W.fDP5Q"/><publish:property canonicalName="owner" name="Owner" publish:category="UML" publish:ismodellink="false" publish:value="RespirationObservation" xmi:id="_.d.bSQ.yI.eDE.eOZ2.vW3W.fDP5Q"/><publish:property canonicalName="owningTemplateParameter" name="Owning Template Parameter" publish:category="UML"/><publish:property canonicalName="qualifiedName" name="Qualified Name" publish:category="UML" publish:value="FHIM::VitalSigns::RespirationRate::RespirationObservation::TopicIsRespirationRate"/><publish:property canonicalName="specification" name="Specification" publish:category="UML" publish:nohref="true" publish:value="(self.topicCode.codeSystem.codeSystemName = 'LOINC' and self.topicCode.code = '9279-1')"/><publish:property canonicalName="Stereotype" name="Stereotype" publish:category="UML"/><publish:property canonicalName="templateParameter" name="Template Parameter" publish:category="UML"/><publish:property canonicalName="visibility" name="Visibility" publish:category="UML" publish:value="Public"/></publish:properties><specification name="&lt;Unnamed OpaqueExpression&gt;" publish:icon="2076691644_icon.png" publish:qualifiedname="FHIM::VitalSigns::RespirationRate::RespirationObservation::TopicIsRespirationRate::&lt;OpaqueExpression&gt;" xmi:id="_P.x.j.r4XQAE.e.i9.gZ.p.j.uT.b.cA.w" xsi:type="uml:OpaqueExpression"><publish:properties><publish:property canonicalName="Alias" name="Alias" publish:category="UML"/><publish:property canonicalName="behavior" name="Behavior" publish:category="UML"/><publish:property canonicalName="body" name="Body" publish:category="UML" publish:value="self.topicCode.codeSystem.codeSystemName = 'LOINC' and self.topicCode.code = '9279-1'"/><publish:property canonicalName="Keywords" name="Keywords" publish:category="UML"/><publish:property canonicalName="language" name="Language" publish:category="UML" publish:value="OCL"/><publish:property canonicalName="name" name="Name" publish:category="UML"/><publish:property canonicalName="nameExpression" name="Name Expression" publish:category="UML"/><publish:property canonicalName="namespace" name="Namespace" publish:category="UML"/><publish:property anchor="#constraintsTable" canonicalName="owner" name="Owner" publish:category="UML" publish:ismodellink="false" publish:value="TopicIsRespirationRate" xmi:id="_EV.pMQH-3E.eO.zEN.pL.s8HI.c.g"/><publish:property canonicalName="owningTemplateParameter" name="Owning Template Parameter" publish:category="UML"/><publish:property canonicalName="qualifiedName" name="Qualified Name" publish:category="UML"/><publish:property canonicalName="result" name="Result" publish:category="UML"/><publish:property canonicalName="Stereotype" name="Stereotype" publish:category="UML"/><publish:property canonicalName="templateParameter" name="Template Parameter" publish:category="UML"/><publish:property canonicalName="type" name="Type" publish:category="UML"/><publish:property canonicalName="visibility" name="Visibility" publish:category="UML" publish:value="Public"/></publish:properties></specification></ownedRule><generalization name="&lt;Unnamed Generalization&gt;" publish:icon="466489633_icon.png" publish:qualifiedname="FHIM::VitalSigns::RespirationRate::RespirationObservation::&lt;Generalization&gt;" xmi:id="_.d.bSQ.yY.eDE.eOZ2.vW3W.fDP5Q" xsi:type="uml:Generalization"><publish:properties><publish:property canonicalName="general" name="General" publish:category="UML" publish:ismodellink="false" publish:value="«CIMI_EvaluationResultRecorded» ObservationStatement" xmi:id="_.n.bH1LV.a.eE.d6.rJ7.j.pZ7LBF.g"/><publish:property canonicalName="isSubstitutable" name="Is Substitutable" publish:category="UML" publish:value="true"/><publish:property canonicalName="Keywords" name="Keywords" publish:category="UML"/><publish:property canonicalName="owner" name="Owner" publish:category="UML" publish:ismodellink="false" publish:value="RespirationObservation" xmi:id="_.d.bSQ.yI.eDE.eOZ2.vW3W.fDP5Q"/><publish:property canonicalName="specific" name="Specific" publish:category="UML" publish:ismodellink="false" publish:value="RespirationObservation" xmi:id="_.d.bSQ.yI.eDE.eOZ2.vW3W.fDP5Q"/><publish:property canonicalName="Stereotype" name="Stereotype" publish:category="UML"/></publish:properties></generalization><ownedAttribute name="value" publish:icon="-504166055_icon.png" publish:qualifiedname="FHIM::VitalSigns::RespirationRate::RespirationObservation::value" publish:type="Real" xmi:id="_.d.bS3H4.eDE.eOZ2.vW3W.fDP5Q" xsi:type="uml:Property"><publish:properties><publish:property canonicalName="aggregation" name="Aggregation" publish:category="UML" publish:value="None"/><publish:property canonicalName="Alias" name="Alias" publish:category="UML"/><publish:property canonicalName="association" name="Association" publish:category="UML"/><publish:property canonicalName="associationEnd" name="Association End" publish:category="UML"/><publish:property canonicalName="class" name="Class" publish:category="UML" publish:ismodellink="false" publish:value="RespirationObservation" xmi:id="_.d.bSQ.yI.eDE.eOZ2.vW3W.fDP5Q"/><publish:property canonicalName="datatype" name="Datatype" publish:category="UML"/><publish:property canonicalName="default" name="Default" publish:category="UML"/><publish:property canonicalName="defaultValue" name="Default Value" publish:category="UML"/><publish:property canonicalName="isComposite" name="Is Composite" publish:category="UML" publish:value="false"/><publish:property canonicalName="isDerived" name="Is Derived" publish:category="UML" publish:value="false"/><publish:property canonicalName="isDerivedUnion" name="Is Derived Union" publish:category="UML" publish:value="false"/><publish:property canonicalName="isLeaf" name="Is Leaf" publish:category="UML" publish:value="false"/><publish:property canonicalName="isOrdered" name="Is Ordered" publish:category="UML" publish:value="false"/><publish:property canonicalName="isReadOnly" name="Is Read Only" publish:category="UML" publish:value="false"/><publish:property canonicalName="isStatic" name="Is Static" publish:category="UML" publish:value="false"/><publish:property canonicalName="isUnique" name="Is Unique" publish:category="UML" publish:value="true"/><publish:property canonicalName="Keywords" name="Keywords" publish:category="UML" publish:value="redefine"/><publish:property canonicalName="lower" name="Lower" publish:category="UML" publish:value="1"/><publish:property canonicalName="lowerValue" name="Lower Value" publish:category="UML" publish:nohref="true" publish:value="(1)"/><publish:property canonicalName="Multiplicity" name="Multiplicity" publish:category="UML" publish:value="1"/><publish:property canonicalName="name" name="Name" publish:category="UML" publish:value="value"/><publish:property canonicalName="nameExpression" name="Name Expression" publish:category="UML"/><publish:property canonicalName="namespace" name="Namespace" publish:category="UML" publish:ismodellink="false" publish:value="RespirationObservation" xmi:id="_.d.bSQ.yI.eDE.eOZ2.vW3W.fDP5Q"/><publish:property canonicalName="opposite" name="Opposite" publish:category="UML"/><publish:property canonicalName="owner" name="Owner" publish:category="UML" publish:ismodellink="false" publish:value="RespirationObservation" xmi:id="_.d.bSQ.yI.eDE.eOZ2.vW3W.fDP5Q"/><publish:property canonicalName="owningAssociation" name="Owning Association" publish:category="UML"/><publish:property canonicalName="owningTemplateParameter" name="Owning Template Parameter" publish:category="UML"/><publish:property canonicalName="qualifiedName" name="Qualified Name" publish:category="UML" publish:value="FHIM::VitalSigns::RespirationRate::RespirationObservation::value"/><publish:property canonicalName="Stereotype" name="Stereotype" publish:category="UML"/><publish:property canonicalName="templateParameter" name="Template Parameter" publish:category="UML"/><publish:property canonicalName="type" name="Type" publish:category="UML" publish:ismodellink="false" publish:value="«REAL» Real" xmi:id="_N-BA.oNY.eE.d62.c.o.sTNS-_.l.w"/><publish:property canonicalName="upper" name="Upper" publish:category="UML" publish:value="1"/><publish:property canonicalName="upperValue" name="Upper Value" publish:category="UML" publish:nohref="true" publish:value="(1)"/><publish:property canonicalName="visibility" name="Visibility" publish:category="UML" publish:value="Public"/></publish:properties><ownedComment annotatedElement="_.d.bS3H4.eDE.eOZ2.vW3W.fDP5Q" body="This property contains the result, or value of the clinical Observation.  In the generic clinical Observation class, the data type for this property can be anything.  Respiration Rate is generally expressed in terms of breaths per minute.  Therefore, this property has been re-defined to constrain the data type to be a Rate Quantity." isDocumentation="true" isURL="false" name="&lt;Unnamed Comment&gt;" publish:icon="2039268250_icon.png" publish:qualifiedname="FHIM::VitalSigns::RespirationRate::RespirationObservation::value::&lt;Comment&gt;" xmi:id="_.d.bS3I.o.eDE.eOZ2.vW3W.fDP5Q" xsi:type="uml:Comment"><publish:properties><publish:property canonicalName="body" name="Body" publish:category="UML" publish:value="This property contains the result, or value of the clinical Observation.  In the generic clinical Observation class, the data type for this property can be anything.  Respiration Rate is generally expressed in terms of breaths per minute.  Therefore, this property has been re-defined to constrain the data type to be a Rate Quantity."/><publish:property canonicalName="Keywords" name="Keywords" publish:category="UML"/><publish:property anchor="#_.d.bS3H4.eDE.eOZ2.vW3W.fDP5Q" canonicalName="owner" name="Owner" publish:category="UML" publish:ismodellink="false" publish:value="«redefine» value" xmi:id="_.d.bSQ.yI.eDE.eOZ2.vW3W.fDP5Q"/><publish:property canonicalName="Stereotype" name="Stereotype" publish:category="UML" publish:value="documentation"/></publish:properties></ownedComment><upperValue name="&lt;Unnamed LiteralUnlimitedNatural&gt;" publish:icon="-601577920_icon.png" publish:qualifiedname="FHIM::VitalSigns::RespirationRate::RespirationObservation::value::&lt;LiteralUnlimitedNatural&gt;" xmi:id="_3.b4JY.b.y.qE.e.a_D.aX.mJ278K.w" xsi:type="uml:LiteralUnlimitedNatural"><publish:properties><publish:property canonicalName="Alias" name="Alias" publish:category="UML"/><publish:property canonicalName="Keywords" name="Keywords" publish:category="UML"/><publish:property canonicalName="name" name="Name" publish:category="UML"/><publish:property canonicalName="nameExpression" name="Name Expression" publish:category="UML"/><publish:property canonicalName="namespace" name="Namespace" publish:category="UML"/><publish:property anchor="#_.d.bS3H4.eDE.eOZ2.vW3W.fDP5Q" canonicalName="owner" name="Owner" publish:category="UML" publish:ismodellink="false" publish:value="«redefine» value" xmi:id="_.d.bSQ.yI.eDE.eOZ2.vW3W.fDP5Q"/><publish:property canonicalName="owningTemplateParameter" name="Owning Template Parameter" publish:category="UML"/><publish:property canonicalName="qualifiedName" name="Qualified Name" publish:category="UML"/><publish:property canonicalName="Stereotype" name="Stereotype" publish:category="UML"/><publish:property canonicalName="templateParameter" name="Template Parameter" publish:category="UML"/><publish:property canonicalName="type" name="Type" publish:category="UML"/><publish:property canonicalName="value" name="Value" publish:category="UML" publish:value="1"/><publish:property canonicalName="visibility" name="Visibility" publish:category="UML" publish:value="Public"/></publish:properties></upperValue><lowerValue name="&lt;Unnamed LiteralInteger&gt;" publish:icon="975819669_icon.png" publish:qualifiedname="FHIM::VitalSigns::RespirationRate::RespirationObservation::value::&lt;LiteralInteger&gt;" xmi:id="_3.b4JYL.y.qE.e.a_D.aX.mJ278K.w" xsi:type="uml:LiteralInteger"><publish:properties><publish:property canonicalName="Alias" name="Alias" publish:category="UML"/><publish:property canonicalName="Keywords" name="Keywords" publish:category="UML"/><publish:property canonicalName="name" name="Name" publish:category="UML"/><publish:property canonicalName="nameExpression" name="Name Expression" publish:category="UML"/><publish:property canonicalName="namespace" name="Namespace" publish:category="UML"/><publish:property anchor="#_.d.bS3H4.eDE.eOZ2.vW3W.fDP5Q" canonicalName="owner" name="Owner" publish:category="UML" publish:ismodellink="false" publish:value="«redefine» value" xmi:id="_.d.bSQ.yI.eDE.eOZ2.vW3W.fDP5Q"/><publish:property canonicalName="owningTemplateParameter" name="Owning Template Parameter" publish:category="UML"/><publish:property canonicalName="qualifiedName" name="Qualified Name" publish:category="UML"/><publish:property canonicalName="Stereotype" name="Stereotype" publish:category="UML"/><publish:property canonicalName="templateParameter" name="Template Parameter" publish:category="UML"/><publish:property canonicalName="type" name="Type" publish:category="UML"/><publish:property canonicalName="value" name="Value" publish:category="UML" publish:value="1"/><publish:property canonicalName="visibility" name="Visibility" publish:category="UML" publish:value="Public"/></publish:properties></lowerValue></ownedAttribute><ownedAttribute name="oxygenProvisionDeviceQualifier" publish:icon="-504166055_icon.png" publish:qualifiedname="FHIM::VitalSigns::RespirationRate::RespirationObservation::oxygenProvisionDeviceQualifier" publish:type="Code" xmi:id="_.k8.m.bYHQCE.e.i9.gZ.p.j.uT.b.cA.w" xsi:type="uml:Property"><publish:properties><publish:property canonicalName="aggregation" name="Aggregation" publish:category="UML" publish:value="None"/><publish:property canonicalName="Alias" name="Alias" publish:category="UML"/><publish:property canonicalName="association" name="Association" publish:category="UML"/><publish:property canonicalName="associationEnd" name="Association End" publish:category="UML"/><publish:property canonicalName="class" name="Class" publish:category="UML" publish:ismodellink="false" publish:value="RespirationObservation" xmi:id="_.d.bSQ.yI.eDE.eOZ2.vW3W.fDP5Q"/><publish:property canonicalName="datatype" name="Datatype" publish:category="UML"/><publish:property canonicalName="default" name="Default" publish:category="UML"/><publish:property canonicalName="defaultValue" name="Default Value" publish:category="UML"/><publish:property canonicalName="isComposite" name="Is Composite" publish:category="UML" publish:value="false"/><publish:property canonicalName="isDerived" name="Is Derived" publish:category="UML" publish:value="false"/><publish:property canonicalName="isDerivedUnion" name="Is Derived Union" publish:category="UML" publish:value="false"/><publish:property canonicalName="isLeaf" name="Is Leaf" publish:category="UML" publish:value="false"/><publish:property canonicalName="isOrdered" name="Is Ordered" publish:category="UML" publish:value="false"/><publish:property canonicalName="isReadOnly" name="Is Read Only" publish:category="UML" publish:value="false"/><publish:property canonicalName="isStatic" name="Is Static" publish:category="UML" publish:value="false"/><publish:property canonicalName="isUnique" name="Is Unique" publish:category="UML" publish:value="true"/><publish:property canonicalName="Keywords" name="Keywords" publish:category="UML"/><publish:property canonicalName="lower" name="Lower" publish:category="UML" publish:value="0"/><publish:property canonicalName="lowerValue" name="Lower Value" publish:category="UML" publish:nohref="true" publish:value="(0)"/><publish:property canonicalName="Multiplicity" name="Multiplicity" publish:category="UML" publish:value="0..1"/><publish:property canonicalName="name" name="Name" publish:category="UML" publish:value="oxygenProvisionDeviceQualifier"/><publish:property canonicalName="nameExpression" name="Name Expression" publish:category="UML"/><publish:property canonicalName="namespace" name="Namespace" publish:category="UML" publish:ismodellink="false" publish:value="RespirationObservation" xmi:id="_.d.bSQ.yI.eDE.eOZ2.vW3W.fDP5Q"/><publish:property canonicalName="opposite" name="Opposite" publish:category="UML"/><publish:property canonicalName="owner" name="Owner" publish:category="UML" publish:ismodellink="false" publish:value="RespirationObservation" xmi:id="_.d.bSQ.yI.eDE.eOZ2.vW3W.fDP5Q"/><publish:property canonicalName="owningAssociation" name="Owning Association" publish:category="UML"/><publish:property canonicalName="owningTemplateParameter" name="Owning Template Parameter" publish:category="UML"/><publish:property canonicalName="qualifiedName" name="Qualified Name" publish:category="UML" publish:value="FHIM::VitalSigns::RespirationRate::RespirationObservation::oxygenProvisionDeviceQualifier"/><publish:property canonicalName="Stereotype" name="Stereotype" publish:category="UML"/><publish:property canonicalName="templateParameter" name="Template Parameter" publish:category="UML"/><publish:property canonicalName="type" name="Type" publish:category="UML" publish:ismodellink="false" publish:value="«CS» Code" xmi:id="_G.mK.qYGA.fE.d6.a0.q.oC8D.h7.hA"/><publish:property canonicalName="upper" name="Upper" publish:category="UML" publish:value="1"/><publish:property canonicalName="upperValue" name="Upper Value" publish:category="UML" publish:nohref="true" publish:value="(1)"/><publish:property canonicalName="visibility" name="Visibility" publish:category="UML" publish:value="Public"/></publish:properties><ownedComment annotatedElement="_.k8.m.bYHQCE.e.i9.gZ.p.j.uT.b.cA.w" body="If the patient was receiving supplemental oxygen during the time that the patient’s blood oxygen saturation level or respiration rate was measured, this class will indicate what kind of device was being used to administer the oxygen. This information is important to know when interpreting the value of the primary observation. The value of this property is constrained to be one of a set of codes from the SNOMED-CT coding system that categorizes the kind of device that was used to administer supplemental oxygen." isDocumentation="true" isURL="false" name="&lt;Unnamed Comment&gt;" publish:icon="2039268250_icon.png" publish:qualifiedname="FHIM::VitalSigns::RespirationRate::RespirationObservation::oxygenProvisionDeviceQualifier::&lt;Comment&gt;" xmi:id="_.k8.m.bYXQCE.e.i9.gZ.p.j.uT.b.cA.w" xsi:type="uml:Comment"><publish:properties><publish:property canonicalName="body" name="Body" publish:category="UML" publish:value="If the patient was receiving supplemental oxygen during the time that the patient’s blood oxygen saturation level or respiration rate was measured, this class will indicate what kind of device was being used to administer the oxygen. This information is important to know when interpreting the value of the primary observation. The value of this property is constrained to be one of a set of codes from the SNOMED-CT coding system that categorizes the kind of device that was used to administer supplemental oxygen."/><publish:property canonicalName="Keywords" name="Keywords" publish:category="UML"/><publish:property anchor="#_.k8.m.bYHQCE.e.i9.gZ.p.j.uT.b.cA.w" canonicalName="owner" name="Owner" publish:category="UML" publish:ismodellink="false" publish:value="oxygenProvisionDeviceQualifier" xmi:id="_.d.bSQ.yI.eDE.eOZ2.vW3W.fDP5Q"/><publish:property canonicalName="Stereotype" name="Stereotype" publish:category="UML" publish:value="documentation"/></publish:properties></ownedComment><upperValue name="&lt;Unnamed LiteralUnlimitedNatural&gt;" publish:icon="-601577920_icon.png" publish:qualifiedname="FHIM::VitalSigns::RespirationRate::RespirationObservation::oxygenProvisionDeviceQualifier::&lt;LiteralUnlimitedNatural&gt;" xmi:id="_.k8.m.bY.nQCE.e.i9.gZ.p.j.uT.b.cA.w" xsi:type="uml:LiteralUnlimitedNatural"><publish:properties><publish:property canonicalName="Alias" name="Alias" publish:category="UML"/><publish:property canonicalName="Keywords" name="Keywords" publish:category="UML"/><publish:property canonicalName="name" name="Name" publish:category="UML"/><publish:property canonicalName="nameExpression" name="Name Expression" publish:category="UML"/><publish:property canonicalName="namespace" name="Namespace" publish:category="UML"/><publish:property anchor="#_.k8.m.bYHQCE.e.i9.gZ.p.j.uT.b.cA.w" canonicalName="owner" name="Owner" publish:category="UML" publish:ismodellink="false" publish:value="oxygenProvisionDeviceQualifier" xmi:id="_.d.bSQ.yI.eDE.eOZ2.vW3W.fDP5Q"/><publish:property canonicalName="owningTemplateParameter" name="Owning Template Parameter" publish:category="UML"/><publish:property canonicalName="qualifiedName" name="Qualified Name" publish:category="UML"/><publish:property canonicalName="Stereotype" name="Stereotype" publish:category="UML"/><publish:property canonicalName="templateParameter" name="Template Parameter" publish:category="UML"/><publish:property canonicalName="type" name="Type" publish:category="UML"/><publish:property canonicalName="value" name="Value" publish:category="UML" publish:value="1"/><publish:property canonicalName="visibility" name="Visibility" publish:category="UML" publish:value="Public"/></publish:properties></upperValue><lowerValue name="&lt;Unnamed LiteralInteger&gt;" publish:icon="975819669_icon.png" publish:qualifiedname="FHIM::VitalSigns::RespirationRate::RespirationObservation::oxygenProvisionDeviceQualifier::&lt;LiteralInteger&gt;" xmi:id="_.k8.m.bY3QCE.e.i9.gZ.p.j.uT.b.cA.w" xsi:type="uml:LiteralInteger"><publish:properties><publish:property canonicalName="Alias" name="Alias" publish:category="UML"/><publish:property canonicalName="Keywords" name="Keywords" publish:category="UML"/><publish:property canonicalName="name" name="Name" publish:category="UML"/><publish:property canonicalName="nameExpression" name="Name Expression" publish:category="UML"/><publish:property canonicalName="namespace" name="Namespace" publish:category="UML"/><publish:property anchor="#_.k8.m.bYHQCE.e.i9.gZ.p.j.uT.b.cA.w" canonicalName="owner" name="Owner" publish:category="UML" publish:ismodellink="false" publish:value="oxygenProvisionDeviceQualifier" xmi:id="_.d.bSQ.yI.eDE.eOZ2.vW3W.fDP5Q"/><publish:property canonicalName="owningTemplateParameter" name="Owning Template Parameter" publish:category="UML"/><publish:property canonicalName="qualifiedName" name="Qualified Name" publish:category="UML"/><publish:property canonicalName="Stereotype" name="Stereotype" publish:category="UML"/><publish:property canonicalName="templateParameter" name="Template Parameter" publish:category="UML"/><publish:property canonicalName="type" name="Type" publish:category="UML"/><publish:property canonicalName="value" name="Value" publish:category="UML" publish:value="0"/><publish:property canonicalName="visibility" name="Visibility" publish:category="UML" publish:value="Public"/></publish:properties></lowerValue></ownedAttribute><ownedAttribute name="patientStateExertionQualifier" publish:icon="-504166055_icon.png" publish:qualifiedname="FHIM::VitalSigns::RespirationRate::RespirationObservation::patientStateExertionQualifier" publish:type="Code" xmi:id="_1.mX78HQAE.e.i9.gZ.p.j.uT.b.cA.w" xsi:type="uml:Property"><publish:properties><publish:property canonicalName="aggregation" name="Aggregation" publish:category="UML" publish:value="None"/><publish:property canonicalName="Alias" name="Alias" publish:category="UML"/><publish:property canonicalName="association" name="Association" publish:category="UML"/><publish:property canonicalName="associationEnd" name="Association End" publish:category="UML"/><publish:property canonicalName="class" name="Class" publish:category="UML" publish:ismodellink="false" publish:value="RespirationObservation" xmi:id="_.d.bSQ.yI.eDE.eOZ2.vW3W.fDP5Q"/><publish:property canonicalName="datatype" name="Datatype" publish:category="UML"/><publish:property canonicalName="default" name="Default" publish:category="UML"/><publish:property canonicalName="defaultValue" name="Default Value" publish:category="UML"/><publish:property canonicalName="isComposite" name="Is Composite" publish:category="UML" publish:value="false"/><publish:property canonicalName="isDerived" name="Is Derived" publish:category="UML" publish:value="false"/><publish:property canonicalName="isDerivedUnion" name="Is Derived Union" publish:category="UML" publish:value="false"/><publish:property canonicalName="isLeaf" name="Is Leaf" publish:category="UML" publish:value="false"/><publish:property canonicalName="isOrdered" name="Is Ordered" publish:category="UML" publish:value="false"/><publish:property canonicalName="isReadOnly" name="Is Read Only" publish:category="UML" publish:value="false"/><publish:property canonicalName="isStatic" name="Is Static" publish:category="UML" publish:value="false"/><publish:property canonicalName="isUnique" name="Is Unique" publish:category="UML" publish:value="true"/><publish:property canonicalName="Keywords" name="Keywords" publish:category="UML"/><publish:property canonicalName="lower" name="Lower" publish:category="UML" publish:value="0"/><publish:property canonicalName="lowerValue" name="Lower Value" publish:category="UML" publish:nohref="true" publish:value="(0)"/><publish:property canonicalName="Multiplicity" name="Multiplicity" publish:category="UML" publish:value="0..1"/><publish:property canonicalName="name" name="Name" publish:category="UML" publish:value="patientStateExertionQualifier"/><publish:property canonicalName="nameExpression" name="Name Expression" publish:category="UML"/><publish:property canonicalName="namespace" name="Namespace" publish:category="UML" publish:ismodellink="false" publish:value="RespirationObservation" xmi:id="_.d.bSQ.yI.eDE.eOZ2.vW3W.fDP5Q"/><publish:property canonicalName="opposite" name="Opposite" publish:category="UML"/><publish:property canonicalName="owner" name="Owner" publish:category="UML" publish:ismodellink="false" publish:value="RespirationObservation" xmi:id="_.d.bSQ.yI.eDE.eOZ2.vW3W.fDP5Q"/><publish:property canonicalName="owningAssociation" name="Owning Association" publish:category="UML"/><publish:property canonicalName="owningTemplateParameter" name="Owning Template Parameter" publish:category="UML"/><publish:property canonicalName="qualifiedName" name="Qualified Name" publish:category="UML" publish:value="FHIM::VitalSigns::RespirationRate::RespirationObservation::patientStateExertionQualifier"/><publish:property canonicalName="Stereotype" name="Stereotype" publish:category="UML"/><publish:property canonicalName="templateParameter" name="Template Parameter" publish:category="UML"/><publish:property canonicalName="type" name="Type" publish:category="UML" publish:ismodellink="false" publish:value="«CS» Code" xmi:id="_G.mK.qYGA.fE.d6.a0.q.oC8D.h7.hA"/><publish:property canonicalName="upper" name="Upper" publish:category="UML" publish:value="1"/><publish:property canonicalName="upperValue" name="Upper Value" publish:category="UML" publish:nohref="true" publish:value="(1)"/><publish:property canonicalName="visibility" name="Visibility" publish:category="UML" publish:value="Public"/></publish:properties><ownedComment annotatedElement="_1.mX78HQAE.e.i9.gZ.p.j.uT.b.cA.w" body="Heart Rate, Blood Pressure, Respiration, and Blood Oxygen levels naturally vary depending on whether the patient is at rest, or during or shortly after exercise. This property records an sub-observation of whether the patient was at rest, exercising, or recently had been exercising at the time of the measurement." isDocumentation="true" isURL="false" name="&lt;Unnamed Comment&gt;" publish:icon="2039268250_icon.png" publish:qualifiedname="FHIM::VitalSigns::RespirationRate::RespirationObservation::patientStateExertionQualifier::&lt;Comment&gt;" xmi:id="_1.mX78XQAE.e.i9.gZ.p.j.uT.b.cA.w" xsi:type="uml:Comment"><publish:properties><publish:property canonicalName="body" name="Body" publish:category="UML" publish:value="Heart Rate, Blood Pressure, Respiration, and Blood Oxygen levels naturally vary depending on whether the patient is at rest, or during or shortly after exercise. This property records an sub-observation of whether the patient was at rest, exercising, or recently had been exercising at the time of the measurement."/><publish:property canonicalName="Keywords" name="Keywords" publish:category="UML"/><publish:property anchor="#_1.mX78HQAE.e.i9.gZ.p.j.uT.b.cA.w" canonicalName="owner" name="Owner" publish:category="UML" publish:ismodellink="false" publish:value="patientStateExertionQualifier" xmi:id="_.d.bSQ.yI.eDE.eOZ2.vW3W.fDP5Q"/><publish:property canonicalName="Stereotype" name="Stereotype" publish:category="UML" publish:value="documentation"/></publish:properties></ownedComment><upperValue name="&lt;Unnamed LiteralUnlimitedNatural&gt;" publish:icon="-601577920_icon.png" publish:qualifiedname="FHIM::VitalSigns::RespirationRate::RespirationObservation::patientStateExertionQualifier::&lt;LiteralUnlimitedNatural&gt;" xmi:id="_1.mX78.nQAE.e.i9.gZ.p.j.uT.b.cA.w" xsi:type="uml:LiteralUnlimitedNatural"><publish:properties><publish:property canonicalName="Alias" name="Alias" publish:category="UML"/><publish:property canonicalName="Keywords" name="Keywords" publish:category="UML"/><publish:property canonicalName="name" name="Name" publish:category="UML"/><publish:property canonicalName="nameExpression" name="Name Expression" publish:category="UML"/><publish:property canonicalName="namespace" name="Namespace" publish:category="UML"/><publish:property anchor="#_1.mX78HQAE.e.i9.gZ.p.j.uT.b.cA.w" canonicalName="owner" name="Owner" publish:category="UML" publish:ismodellink="false" publish:value="patientStateExertionQualifier" xmi:id="_.d.bSQ.yI.eDE.eOZ2.vW3W.fDP5Q"/><publish:property canonicalName="owningTemplateParameter" name="Owning Template Parameter" publish:category="UML"/><publish:property canonicalName="qualifiedName" name="Qualified Name" publish:category="UML"/><publish:property canonicalName="Stereotype" name="Stereotype" publish:category="UML"/><publish:property canonicalName="templateParameter" name="Template Parameter" publish:category="UML"/><publish:property canonicalName="type" name="Type" publish:category="UML"/><publish:property canonicalName="value" name="Value" publish:category="UML" publish:value="1"/><publish:property canonicalName="visibility" name="Visibility" publish:category="UML" publish:value="Public"/></publish:properties></upperValue><lowerValue name="&lt;Unnamed LiteralInteger&gt;" publish:icon="975819669_icon.png" publish:qualifiedname="FHIM::VitalSigns::RespirationRate::RespirationObservation::patientStateExertionQualifier::&lt;LiteralInteger&gt;" xmi:id="_1.mX783QAE.e.i9.gZ.p.j.uT.b.cA.w" xsi:type="uml:LiteralInteger"><publish:properties><publish:property canonicalName="Alias" name="Alias" publish:category="UML"/><publish:property canonicalName="Keywords" name="Keywords" publish:category="UML"/><publish:property canonicalName="name" name="Name" publish:category="UML"/><publish:property canonicalName="nameExpression" name="Name Expression" publish:category="UML"/><publish:property canonicalName="namespace" name="Namespace" publish:category="UML"/><publish:property anchor="#_1.mX78HQAE.e.i9.gZ.p.j.uT.b.cA.w" canonicalName="owner" name="Owner" publish:category="UML" publish:ismodellink="false" publish:value="patientStateExertionQualifier" xmi:id="_.d.bSQ.yI.eDE.eOZ2.vW3W.fDP5Q"/><publish:property canonicalName="owningTemplateParameter" name="Owning Template Parameter" publish:category="UML"/><publish:property canonicalName="qualifiedName" name="Qualified Name" publish:category="UML"/><publish:property canonicalName="Stereotype" name="Stereotype" publish:category="UML"/><publish:property canonicalName="templateParameter" name="Template Parameter" publish:category="UML"/><publish:property canonicalName="type" name="Type" publish:category="UML"/><publish:property canonicalName="value" name="Value" publish:category="UML" publish:value="0"/><publish:property canonicalName="visibility" name="Visibility" publish:category="UML" publish:value="Public"/></publish:properties></lowerValue></ownedAttribute></packagedElement><packagedElement name="&lt;Unnamed Dependency&gt;" publish:icon="123998900_icon.png" publish:qualifiedname="FHIM::VitalSigns::RespirationRate::&lt;Dependency&gt;" xmi:id="_.nO-G.oHQCE.e.i9.gZ.p.j.uT.b.cA.w" xsi:type="uml:Dependency"><publish:properties><publish:property canonicalName="Alias" name="Alias" publish:category="UML"/><publish:property canonicalName="Keywords" name="Keywords" publish:category="UML"/><publish:property canonicalName="name" name="Name" publish:category="UML"/><publish:property canonicalName="nameExpression" name="Name Expression" publish:category="UML"/><publish:property canonicalName="namespace" name="Namespace" publish:category="UML" publish:ismodellink="false" publish:value="RespirationRate" xmi:id="_.d.bRB4I.eDE.eOZ2.vW3W.fDP5Q"/><publish:property canonicalName="owner" name="Owner" publish:category="UML" publish:ismodellink="false" publish:value="RespirationRate" xmi:id="_.d.bRB4I.eDE.eOZ2.vW3W.fDP5Q"/><publish:property canonicalName="owningTemplateParameter" name="Owning Template Parameter" publish:category="UML"/><publish:property canonicalName="qualifiedName" name="Qualified Name" publish:category="UML"/><publish:property canonicalName="Stereotype" name="Stereotype" publish:category="UML"/><publish:property canonicalName="templateParameter" name="Template Parameter" publish:category="UML"/><publish:property canonicalName="visibility" name="Visibility" publish:category="UML" publish:value="Public"/></publish:properties></packagedElement><packagedElement name="&lt;Unnamed Dependency&gt;" publish:icon="123998900_icon.png" publish:qualifiedname="FHIM::VitalSigns::RespirationRate::&lt;Dependency&gt;" xmi:id="_.n.lN.cYHQCE.e.i9.gZ.p.j.uT.b.cA.w" xsi:type="uml:Dependency"><publish:properties><publish:property canonicalName="Alias" name="Alias" publish:category="UML"/><publish:property canonicalName="Keywords" name="Keywords" publish:category="UML"/><publish:property canonicalName="name" name="Name" publish:category="UML"/><publish:property canonicalName="nameExpression" name="Name Expression" publish:category="UML"/><publish:property canonicalName="namespace" name="Namespace" publish:category="UML" publish:ismodellink="false" publish:value="RespirationRate" xmi:id="_.d.bRB4I.eDE.eOZ2.vW3W.fDP5Q"/><publish:property canonicalName="owner" name="Owner" publish:category="UML" publish:ismodellink="false" publish:value="RespirationRate" xmi:id="_.d.bRB4I.eDE.eOZ2.vW3W.fDP5Q"/><publish:property canonicalName="owningTemplateParameter" name="Owning Template Parameter" publish:category="UML"/><publish:property canonicalName="qualifiedName" name="Qualified Name" publish:category="UML"/><publish:property canonicalName="Stereotype" name="Stereotype" publish:category="UML"/><publish:property canonicalName="templateParameter" name="Template Parameter" publish:category="UML"/><publish:property canonicalName="visibility" name="Visibility" publish:category="UML" publish:value="Public"/></publish:properties></packagedElement></packagedElement>