<?xml version="1.0" encoding="UTF-8"?><packagedElement name="FHIM" xmlns:publish="http://www.ibm.com/Rational/XTools/Publish" publish:diagramFormat="PNG" publish:icon="838931247_icon.png" publish:modelname="FHIM" publish:qualifiedname="FHIM" publish:sortOrder="storage" publish:toplevelguid="420A62FD03B6" xmlns:xmi="http://www.omg.org/XMI" xmi:id="420A62FD03B6" xmi:version="2.0" xmlns:com.ibm.xtools.notation="http:///com/ibm/xtools/notation.ecore" xmlns:uml="http://www.eclipse.org/uml2/1.0.0/UML" xmlns:xsi="http://www.w3.org/2001/XMLSchema-instance" xsi:type="uml:Package"><publish:properties><publish:property canonicalName="Alias" name="Alias" publish:category="UML"/><publish:property canonicalName="Keywords" name="Keywords" publish:category="UML"/><publish:property canonicalName="name" name="Name" publish:category="UML" publish:value="FHIM"/><publish:property canonicalName="nameExpression" name="Name Expression" publish:category="UML"/><publish:property canonicalName="namespace" name="Namespace" publish:category="UML"/><publish:property canonicalName="nestingPackage" name="Nesting Package" publish:category="UML"/><publish:property canonicalName="ownedTemplateSignature" name="Owned Template Signature" publish:category="UML"/><publish:property canonicalName="owner" name="Owner" publish:category="UML"/><publish:property canonicalName="owningTemplateParameter" name="Owning Template Parameter" publish:category="UML"/><publish:property canonicalName="qualifiedName" name="Qualified Name" publish:category="UML" publish:value="FHIM"/><publish:property canonicalName="Stereotype" name="Stereotype" publish:category="UML"/><publish:property canonicalName="templateParameter" name="Template Parameter" publish:category="UML"/><publish:property canonicalName="visibility" name="Visibility" publish:category="UML" publish:value="Public"/></publish:properties><contents Type="Class" isDefault="true" name="FHIM Overview Diagram" publish:icon="-494644613_icon.png" publish:imageType="PNG" publish:qualifiedname="FHIM::FHIM Overview Diagram" xmi:id="_420A62FD03B6420A62FD03C1" xsi:type="notation:Diagram"><publish:properties><publish:property canonicalName="description" name="Description" publish:category="View" publish:value="The FHIM is organized into information &quot;domains&quot;, which are simply logical groupings of related concepts. These domains are represented in the model by using UML Packages. It is important to note that every element in the model can &quot;see&quot; every other element in the model – the packages serve as convenient containers for groups of elements, not barriers. Therefore, domain diagrams can and do routinely include classes from other parts of the model. In order to explicitly indicate when a class from another package is being referenced, the class will be annotated with the owning package name...."/><publish:property canonicalName="graphLayout" name="Graph Layout" publish:category="View" publish:value="VerticalOrthogonalHierarchical"/><publish:property canonicalName="labelLayout" name="Label Layout" publish:category="View" publish:value="None"/><publish:property canonicalName="linkLayout" name="Link Layout" publish:category="View" publish:value="None"/><publish:property canonicalName="measurementUnit" name="Measurement Unit" publish:category="View" publish:value="Himetric"/><publish:property canonicalName="name" name="Name" publish:category="View" publish:value="FHIM Overview Diagram"/><publish:property canonicalName="pageHeight" name="Page Height" publish:category="View" publish:value="100"/><publish:property canonicalName="pageWidth" name="Page Width" publish:category="View" publish:value="100"/><publish:property canonicalName="pageX" name="Page X" publish:category="View" publish:value="0"/><publish:property canonicalName="pageY" name="Page Y" publish:category="View" publish:value="0"/><publish:property canonicalName="styles" name="Styles" publish:category="View"/><publish:property canonicalName="useAliasName" name="Use Alias Name" publish:category="View" publish:value="false"/></publish:properties><ownedComment body="The FHIM is organized into information &quot;domains&quot;, which are simply logical groupings of related concepts. These domains are represented in the model by using UML Packages. It is important to note that every element in the model can &quot;see&quot; every other element in the model – the packages serve as convenient containers for groups of elements, not barriers. Therefore, domain diagrams can and do routinely include classes from other parts of the model. In order to explicitly indicate when a class from another package is being referenced, the class will be annotated with the owning package name.&#13;&#10;&#13;&#10;The FHIM was initially populated using existing models contributed by the partner agencies, including the VHA Health Information Model (VHIM), the Biomedical Research Integrated Domain Group (BRIDG) Model, the Common Product Model (CPM), the Integrated Case Safety Report (ICSR), and various other models developed by the partner agencies directly at HL7. Since the VHIM was the most comprehensive model, it was used as the starting point, with the FHIM modeling style applied. Then each domain is refined by teams comprised of representatives from the federal partner organizations. Therefore, the FHIM contains domains that are in various states of completion, ranging from not started (aside from the initial application of the FHIM modeling style to the VHIM content) to in-progress to completed.&#13;&#10;&#13;&#10;This diagram is the main diagram of the FHIM, and it simply shows the UML packages which make up the FHIM. The packages are color-coded to indicate the current state of completion. Packages which are unchanged from the federal partner-supplied models are gray, packages which are in-progress are purple, and completed packages are green. Note that the packages marked in-progress may either be undergoing UML modeling or have completed the UML modeling phase but are awaiting or undergoing the Terminology modeling phase.&#13;&#10;&#13;&#10;FHIM data elements use simple or primitive datatypes wherever possible, but the FHIM does define several common structures for complex yet common cases (e.g, Address). See the Datatypes package for details on these."/><publish:partInfo name="SkinAndWound" publish:ismodellink="false" publish:partLowerX="292" publish:partLowerY="548" publish:partUpperX="169" publish:partUpperY="537" shape="rect" xmi:id="_.oCG.iYH43E.e.i.p-.sQQ.z.eVEV.w"/><publish:partInfo name="SkinAndWound" publish:ismodellink="false" publish:partLowerX="299" publish:partLowerY="556" publish:partUpperX="165" publish:partUpperY="501" shape="rect" xmi:id="_.oCG.iYH43E.e.i.p-.sQQ.z.eVEV.w"/><publish:partInfo name="DetailedClinicalModels" publish:ismodellink="false" publish:partLowerX="867" publish:partLowerY="619" publish:partUpperX="744" publish:partUpperY="608" shape="rect" xmi:id="_.w.y4_0F2.jE.e.e.r.c.r.c.a8.w8.cR.w"/><publish:partInfo name="DetailedClinicalModels" publish:ismodellink="false" publish:partLowerX="874" publish:partLowerY="628" publish:partUpperX="740" publish:partUpperY="573" shape="rect" xmi:id="_.w.y4_0F2.jE.e.e.r.c.r.c.a8.w8.cR.w"/><publish:partInfo name="MedicationAdministration" publish:ismodellink="false" publish:partLowerX="580" publish:partLowerY="403" publish:partUpperX="457" publish:partUpperY="392" shape="rect" xmi:id="__EI_AA.jME.e.eH-JU.b.uHPV.c.g"/><publish:partInfo name="MedicationAdministration" publish:ismodellink="false" publish:partLowerX="587" publish:partLowerY="411" publish:partUpperX="453" publish:partUpperY="357" shape="rect" xmi:id="__EI_AA.jME.e.eH-JU.b.uHPV.c.g"/><publish:partInfo name="CommonProduct" publish:ismodellink="false" publish:partLowerX="724" publish:partLowerY="260" publish:partUpperX="601" publish:partUpperY="249" shape="rect" xmi:id="_SH75INNUE.eGR.nP.i2MLPE0.g"/><publish:partInfo name="CommonProduct" publish:ismodellink="false" publish:partLowerX="731" publish:partLowerY="268" publish:partUpperX="597" publish:partUpperY="213" shape="rect" xmi:id="_SH75INNUE.eGR.nP.i2MLPE0.g"/><publish:partInfo name="Comment" publish:ismodellink="false" publish:partLowerX="872" publish:partLowerY="739" publish:partUpperX="381" publish:partUpperY="644" shape="rect" xmi:id="_420A62FD03B6418FEF4E01D8"/><publish:partInfo name="ClinicalObservation" publish:ismodellink="false" publish:partLowerX="579" publish:partLowerY="260" publish:partUpperX="457" publish:partUpperY="249" shape="rect" xmi:id="_.n.bB.sIF.a.eE.d6.rJ7.j.pZ7LBF.g"/><publish:partInfo name="ClinicalObservation" publish:ismodellink="false" publish:partLowerX="586" publish:partLowerY="268" publish:partUpperX="453" publish:partUpperY="213" shape="rect" xmi:id="_.n.bB.sIF.a.eE.d6.rJ7.j.pZ7LBF.g"/><publish:partInfo name="Person" publish:ismodellink="false" publish:partLowerX="291" publish:partLowerY="476" publish:partUpperX="169" publish:partUpperY="465" shape="rect" xmi:id="_MMS2.oEDFE.eO2.a.aQ.pQ.xR.e.r.g"/><publish:partInfo name="Person" publish:ismodellink="false" publish:partLowerX="298" publish:partLowerY="484" publish:partUpperX="165" publish:partUpperY="429" shape="rect" xmi:id="_MMS2.oEDFE.eO2.a.aQ.pQ.xR.e.r.g"/><publish:partInfo name="PublicHealthReporting" publish:ismodellink="false" publish:partLowerX="865" publish:partLowerY="476" publish:partUpperX="744" publish:partUpperY="465" shape="rect" xmi:id="_.vKA.dQJ93E.eGVH.tL.vLEE.d.o.g"/><publish:partInfo name="PublicHealthReporting" publish:ismodellink="false" publish:partLowerX="872" publish:partLowerY="485" publish:partUpperX="740" publish:partUpperY="429" shape="rect" xmi:id="_.vKA.dQJ93E.eGVH.tL.vLEE.d.o.g"/><publish:partInfo name="CarePlan" publish:ismodellink="false" publish:partLowerX="145" publish:partLowerY="260" publish:partUpperX="25" publish:partUpperY="249" shape="rect" xmi:id="_DV.q1IAY0E.eG.z0.d.k.a.dE.l.r.kQ"/><publish:partInfo name="CarePlan" publish:ismodellink="false" publish:partLowerX="151" publish:partLowerY="272" publish:partUpperX="21" publish:partUpperY="213" shape="rect" xmi:id="_DV.q1IAY0E.eG.z0.d.k.a.dE.l.r.kQ"/><publish:partInfo name="Provider" publish:ismodellink="false" publish:partLowerX="722" publish:partLowerY="476" publish:partUpperX="601" publish:partUpperY="465" shape="rect" xmi:id="_WG-84JN.mE.eC.y.u.fOLCDZ.kFA"/><publish:partInfo name="Provider" publish:ismodellink="false" publish:partLowerX="729" publish:partLowerY="485" publish:partUpperX="597" publish:partUpperY="429" shape="rect" xmi:id="_WG-84JN.mE.eC.y.u.fOLCDZ.kFA"/><publish:partInfo name="Datatypes" publish:ismodellink="false" publish:partLowerX="722" publish:partLowerY="619" publish:partUpperX="601" publish:partUpperY="608" shape="rect" xmi:id="_K.qY.g.wM3ZE.d.yM.r.bJ.i.uK.u.eSQ"/><publish:partInfo name="Datatypes" publish:ismodellink="false" publish:partLowerX="729" publish:partLowerY="629" publish:partUpperX="597" publish:partUpperY="573" shape="rect" xmi:id="_K.qY.g.wM3ZE.d.yM.r.bJ.i.uK.u.eSQ"/><publish:partInfo name="SecurityAndPrivacy" publish:ismodellink="false" publish:partLowerX="146" publish:partLowerY="548" publish:partUpperX="25" publish:partUpperY="537" shape="rect" xmi:id="_B7.fCUE1QE.d-ZC8.u.uC.l8MVA"/><publish:partInfo name="SecurityAndPrivacy" publish:ismodellink="false" publish:partLowerX="153" publish:partLowerY="557" publish:partUpperX="21" publish:partUpperY="501" shape="rect" xmi:id="_B7.fCUE1QE.d-ZC8.u.uC.l8MVA"/><publish:partInfo name="BehavioralHealth" publish:ismodellink="false" publish:partLowerX="722" publish:partLowerY="188" publish:partUpperX="601" publish:partUpperY="177" shape="rect" xmi:id="_1.oY5AE1PE.d-ZC8.u.uC.l8MVA"/><publish:partInfo name="BehavioralHealth" publish:ismodellink="false" publish:partLowerX="729" publish:partLowerY="197" publish:partUpperX="597" publish:partUpperY="141" shape="rect" xmi:id="_1.oY5AE1PE.d-ZC8.u.uC.l8MVA"/><publish:partInfo name="SpinalCord" publish:ismodellink="false" publish:partLowerX="578" publish:partLowerY="548" publish:partUpperX="457" publish:partUpperY="537" shape="rect" xmi:id="__.tLS.gM.tKE.d.y.aE.qB.b.y.q3O.k.w"/><publish:partInfo name="SpinalCord" publish:ismodellink="false" publish:partLowerX="585" publish:partLowerY="557" publish:partUpperX="453" publish:partUpperY="501" shape="rect" xmi:id="__.tLS.gM.tKE.d.y.aE.qB.b.y.q3O.k.w"/><publish:partInfo name="SocialWork" publish:ismodellink="false" publish:partLowerX="434" publish:partLowerY="548" publish:partUpperX="313" publish:partUpperY="537" shape="rect" xmi:id="_420A62FD03B64602A626015B"/><publish:partInfo name="SocialWork" publish:ismodellink="false" publish:partLowerX="441" publish:partLowerY="557" publish:partUpperX="309" publish:partUpperY="501" shape="rect" xmi:id="_420A62FD03B64602A626015B"/><publish:partInfo name="AudiologyAndSpeechPathology" publish:ismodellink="false" publish:partLowerX="578" publish:partLowerY="189" publish:partUpperX="457" publish:partUpperY="178" shape="rect" xmi:id="_420A62FD03B64602A55202DB"/><publish:partInfo name="AudiologyAndSpeechPathology" publish:ismodellink="false" publish:partLowerX="585" publish:partLowerY="197" publish:partUpperX="453" publish:partUpperY="141" shape="rect" xmi:id="_420A62FD03B64602A55202DB"/><publish:partInfo name="EnrollEligCOB" publish:ismodellink="false" publish:partLowerX="578" publish:partLowerY="332" publish:partUpperX="457" publish:partUpperY="321" shape="rect" xmi:id="_420A62FD03B645465F2F00A1"/><publish:partInfo name="EnrollEligCOB" publish:ismodellink="false" publish:partLowerX="585" publish:partLowerY="341" publish:partUpperX="453" publish:partUpperY="285" shape="rect" xmi:id="_420A62FD03B645465F2F00A1"/><publish:partInfo name="OncologyRegistry" publish:ismodellink="false" publish:partLowerX="722" publish:partLowerY="404" publish:partUpperX="601" publish:partUpperY="393" shape="rect" xmi:id="_420A62FD03B64447DEE00169"/><publish:partInfo name="OncologyRegistry" publish:ismodellink="false" publish:partLowerX="729" publish:partLowerY="413" publish:partUpperX="597" publish:partUpperY="357" shape="rect" xmi:id="_420A62FD03B64447DEE00169"/><publish:partInfo name="ClinicalDecisionSupport" publish:ismodellink="false" publish:partLowerX="290" publish:partLowerY="261" publish:partUpperX="169" publish:partUpperY="250" shape="rect" xmi:id="_420A62FD03B64447DEB201EB"/><publish:partInfo name="ClinicalDecisionSupport" publish:ismodellink="false" publish:partLowerX="297" publish:partLowerY="269" publish:partUpperX="165" publish:partUpperY="213" shape="rect" xmi:id="_420A62FD03B64447DEB201EB"/><publish:partInfo name="BloodBank" publish:ismodellink="false" publish:partLowerX="865" publish:partLowerY="188" publish:partUpperX="744" publish:partUpperY="177" shape="rect" xmi:id="_420A62FD03B64447DE3C024C"/><publish:partInfo name="BloodBank" publish:ismodellink="false" publish:partLowerX="872" publish:partLowerY="197" publish:partUpperX="740" publish:partUpperY="141" shape="rect" xmi:id="_420A62FD03B64447DE3C024C"/><publish:partInfo name="Prosthetics" publish:ismodellink="false" publish:partLowerX="578" publish:partLowerY="476" publish:partUpperX="457" publish:partUpperY="465" shape="rect" xmi:id="_420A62FD03B64361379100A0"/><publish:partInfo name="Prosthetics" publish:ismodellink="false" publish:partLowerX="585" publish:partLowerY="485" publish:partUpperX="453" publish:partUpperY="429" shape="rect" xmi:id="_420A62FD03B64361379100A0"/><publish:partInfo name="Dietetics" publish:ismodellink="false" publish:partLowerX="290" publish:partLowerY="332" publish:partUpperX="169" publish:partUpperY="321" shape="rect" xmi:id="_420A62FD03B64368DF45015B"/><publish:partInfo name="Dietetics" publish:ismodellink="false" publish:partLowerX="297" publish:partLowerY="341" publish:partUpperX="165" publish:partUpperY="285" shape="rect" xmi:id="_420A62FD03B64368DF45015B"/><publish:partInfo name="WomensHealth" publish:ismodellink="false" publish:partLowerX="146" publish:partLowerY="619" publish:partUpperX="25" publish:partUpperY="608" shape="rect" xmi:id="_420A62FD03B6436137C60273"/><publish:partInfo name="WomensHealth" publish:ismodellink="false" publish:partLowerX="153" publish:partLowerY="629" publish:partUpperX="21" publish:partUpperY="573" shape="rect" xmi:id="_420A62FD03B6436137C60273"/><publish:partInfo name="PatientEducation" publish:ismodellink="false" publish:partLowerX="146" publish:partLowerY="476" publish:partUpperX="25" publish:partUpperY="465" shape="rect" xmi:id="_420A62FD03B6436137790312"/><publish:partInfo name="PatientEducation" publish:ismodellink="false" publish:partLowerX="153" publish:partLowerY="485" publish:partUpperX="21" publish:partUpperY="429" shape="rect" xmi:id="_420A62FD03B6436137790312"/><publish:partInfo name="HomeBasedPrimaryCare" publish:ismodellink="false" publish:partLowerX="865" publish:partLowerY="333" publish:partUpperX="744" publish:partUpperY="322" shape="rect" xmi:id="_420A62FD03B643613746019D"/><publish:partInfo name="HomeBasedPrimaryCare" publish:ismodellink="false" publish:partLowerX="872" publish:partLowerY="341" publish:partUpperX="740" publish:partUpperY="285" shape="rect" xmi:id="_420A62FD03B643613746019D"/><publish:partInfo name="Dental" publish:ismodellink="false" publish:partLowerX="146" publish:partLowerY="332" publish:partUpperX="25" publish:partUpperY="321" shape="rect" xmi:id="_420A62FD03B6436136E100D9"/><publish:partInfo name="Dental" publish:ismodellink="false" publish:partLowerX="153" publish:partLowerY="341" publish:partUpperX="21" publish:partUpperY="285" shape="rect" xmi:id="_420A62FD03B6436136E100D9"/><publish:partInfo name="AdverseEventReporting" publish:ismodellink="false" publish:partLowerX="146" publish:partLowerY="189" publish:partUpperX="25" publish:partUpperY="178" shape="rect" xmi:id="_420A62FD03B642A5CE120016"/><publish:partInfo name="AdverseEventReporting" publish:ismodellink="false" publish:partLowerX="153" publish:partLowerY="197" publish:partUpperX="21" publish:partUpperY="141" shape="rect" xmi:id="_420A62FD03B642A5CE120016"/><publish:partInfo name="Surgery" publish:ismodellink="false" publish:partLowerX="722" publish:partLowerY="548" publish:partUpperX="601" publish:partUpperY="537" shape="rect" xmi:id="_420A62FD03B64294DD880128"/><publish:partInfo name="Surgery" publish:ismodellink="false" publish:partLowerX="729" publish:partLowerY="557" publish:partUpperX="597" publish:partUpperY="501" shape="rect" xmi:id="_420A62FD03B64294DD880128"/><publish:partInfo name="Assessment" publish:ismodellink="false" publish:partLowerX="434" publish:partLowerY="188" publish:partUpperX="313" publish:partUpperY="177" shape="rect" xmi:id="_420A62FD03B642A6E9450017"/><publish:partInfo name="Assessment" publish:ismodellink="false" publish:partLowerX="441" publish:partLowerY="197" publish:partUpperX="309" publish:partUpperY="141" shape="rect" xmi:id="_420A62FD03B642A6E9450017"/><publish:partInfo name="Immunization" publish:ismodellink="false" publish:partLowerX="290" publish:partLowerY="404" publish:partUpperX="169" publish:partUpperY="393" shape="rect" xmi:id="_420A62FD03B64294DF9F0087"/><publish:partInfo name="Immunization" publish:ismodellink="false" publish:partLowerX="297" publish:partLowerY="413" publish:partUpperX="165" publish:partUpperY="357" shape="rect" xmi:id="_420A62FD03B64294DF9F0087"/><publish:partInfo name="Consultation" publish:ismodellink="false" publish:partLowerX="865" publish:partLowerY="260" publish:partUpperX="744" publish:partUpperY="249" shape="rect" xmi:id="_420A62FD03B64294DBF90337"/><publish:partInfo name="Consultation" publish:ismodellink="false" publish:partLowerX="872" publish:partLowerY="269" publish:partUpperX="740" publish:partUpperY="213" shape="rect" xmi:id="_420A62FD03B64294DBF90337"/><publish:partInfo name="Common" publish:ismodellink="false" publish:partLowerX="578" publish:partLowerY="619" publish:partUpperX="457" publish:partUpperY="608" shape="rect" xmi:id="_420A62FD03B6422C7466026C"/><publish:partInfo name="Common" publish:ismodellink="false" publish:partLowerX="585" publish:partLowerY="629" publish:partUpperX="453" publish:partUpperY="573" shape="rect" xmi:id="_420A62FD03B6422C7466026C"/><publish:partInfo name="VitalSigns" publish:ismodellink="false" publish:partLowerX="865" publish:partLowerY="548" publish:partUpperX="744" publish:partUpperY="537" shape="rect" xmi:id="_420A62FD03B6418CFFCD01B6"/><publish:partInfo name="VitalSigns" publish:ismodellink="false" publish:partLowerX="872" publish:partLowerY="557" publish:partUpperX="740" publish:partUpperY="501" shape="rect" xmi:id="_420A62FD03B6418CFFCD01B6"/><publish:partInfo name="ClinicalDocument" publish:ismodellink="false" publish:partLowerX="434" publish:partLowerY="260" publish:partUpperX="313" publish:partUpperY="249" shape="rect" xmi:id="_420A62FD03B6420A5808036F"/><publish:partInfo name="ClinicalDocument" publish:ismodellink="false" publish:partLowerX="441" publish:partLowerY="269" publish:partUpperX="309" publish:partUpperY="213" shape="rect" xmi:id="_420A62FD03B6420A5808036F"/><publish:partInfo name="HealthConcern" publish:ismodellink="false" publish:partLowerX="722" publish:partLowerY="332" publish:partUpperX="601" publish:partUpperY="321" shape="rect" xmi:id="_420A62FD03B6420A57D1024D"/><publish:partInfo name="HealthConcern" publish:ismodellink="false" publish:partLowerX="729" publish:partLowerY="341" publish:partUpperX="597" publish:partUpperY="285" shape="rect" xmi:id="_420A62FD03B6420A57D1024D"/><publish:partInfo name="Pharmacy" publish:ismodellink="false" publish:partLowerX="434" publish:partLowerY="476" publish:partUpperX="313" publish:partUpperY="465" shape="rect" xmi:id="_420A62FD03B6418FEF4E01D8"/><publish:partInfo name="Pharmacy" publish:ismodellink="false" publish:partLowerX="441" publish:partLowerY="485" publish:partUpperX="309" publish:partUpperY="429" shape="rect" xmi:id="_420A62FD03B6418FEF4E01D8"/><publish:partInfo name="Orders" publish:ismodellink="false" publish:partLowerX="865" publish:partLowerY="404" publish:partUpperX="744" publish:partUpperY="393" shape="rect" xmi:id="_420A62FD03B6420A57FD032D"/><publish:partInfo name="Orders" publish:ismodellink="false" publish:partLowerX="872" publish:partLowerY="413" publish:partUpperX="740" publish:partUpperY="357" shape="rect" xmi:id="_420A62FD03B6420A57FD032D"/><publish:partInfo name="Lab" publish:ismodellink="false" publish:partLowerX="434" publish:partLowerY="404" publish:partUpperX="313" publish:partUpperY="393" shape="rect" xmi:id="_420A62FD03B6420A57B401F1"/><publish:partInfo name="Lab" publish:ismodellink="false" publish:partLowerX="441" publish:partLowerY="413" publish:partUpperX="309" publish:partUpperY="357" shape="rect" xmi:id="_420A62FD03B6420A57B401F1"/><publish:partInfo name="Imaging" publish:ismodellink="false" publish:partLowerX="146" publish:partLowerY="404" publish:partUpperX="25" publish:partUpperY="393" shape="rect" xmi:id="_420A62FD03B6420A5A37025A"/><publish:partInfo name="Imaging" publish:ismodellink="false" publish:partLowerX="153" publish:partLowerY="413" publish:partUpperX="21" publish:partUpperY="357" shape="rect" xmi:id="_420A62FD03B6420A5A37025A"/><publish:partInfo name="Encounter" publish:ismodellink="false" publish:partLowerX="434" publish:partLowerY="332" publish:partUpperX="313" publish:partUpperY="321" shape="rect" xmi:id="_420A62FD03B6420A57DF03CA"/><publish:partInfo name="Encounter" publish:ismodellink="false" publish:partLowerX="441" publish:partLowerY="341" publish:partUpperX="309" publish:partUpperY="285" shape="rect" xmi:id="_420A62FD03B6420A57DF03CA"/><publish:partInfo name="Allergies" publish:ismodellink="false" publish:partLowerX="290" publish:partLowerY="189" publish:partUpperX="169" publish:partUpperY="177" shape="rect" xmi:id="_420A62FD03B6418AB45103D1"/><publish:partInfo name="Allergies" publish:ismodellink="false" publish:partLowerX="297" publish:partLowerY="197" publish:partUpperX="165" publish:partUpperY="141" shape="rect" xmi:id="_420A62FD03B6418AB45103D1"/></contents><ownedComment annotatedElement="420A62FD03B6" body="The Federal Health Information Model (FHIM) is a Unified Modeling Language (UML) model that describes the health-related information required by the Federal Health Architecture (FHA) federal partner organizations to achieve interoperability with internal and external systems. The FHIM is a Logical Information Model, suitable to guide the Enterprise Architecture of the federal partner organizations - in other words, each agency’s Enterprise Data Architecture would conceivably subset and specialize the FHIM models. The FHIM model is aligned with existing and emerging healthcare IT standards, such as those issued by HL7 and IHE, and those endorsed or profiled by the Office of the National Coordinator for Health Information Technology (ONC) for incorporation into various regulations.&#13;&#10;&#13;&#10;PLEASE NOTE that the FHIM is NOT specific to the US Federal Government! The Federal Government is obligated to follow the same regulations as does the rest of industry, and all concepts in the FHIM are needed to some degree or other by any healthcare organization operating in the United States. Rather, the FHIM is a superset of all the standards (primarily from HL7, NCPDP, and ASC X12) that the Federal Government (or any other US-based healthcare organization) would implement. Indeed, outside of the use of ASC X12 concepts in the Enrollment, Eligibility, and Coordination of Benefits domain, and the use of SNOMED and RxNorm codes in FHIM Value Sets, the FHIM is not even US-centric. The FHIM can and has been used outside of the United States – especially for clinical domains.&#13;&#10;&#13;&#10;One of the primary goals of the FHIM is to enable meaningful information exchange within the partner agencies and externally with the broader health community. Therefore, the FHIM provides a semantic information basis for information exchange, traceability, and alignment into industry information models and standards. FHIM classes and attributes modeled so that they can be easily transformed into intermediate models from which industry-standard artifacts can be generated. The FHIM currently supports transforms to HL7 FHIR, HL7 CDA, and NIEM, but other standards are envisioned, including HL7 version 2, NCPDP, ASC X12, Oracle, Java, etc. The FHIM has also adopted a modeling style that aligns with the HL7 Clinical Quality Framework such that there is a clear boundary between clinical concepts (which would bind into clinical terminologies) and the context in which the concepts are used. This pattern enables generation of clinical artifacts suitable for automated workflow, automated clinical decision support, reasoning, and secondary uses such as medical research.&#13;&#10;&#13;&#10;Note to the reader: the FHIM is a single integrated model, whereby diagrams are simply a view into the model. Each diagram shows only a portion of the model; otherwise it would become too unwieldy to navigate. When a class in a diagram comes from a different package, it will contain &quot;(from &lt;package&gt;)&quot; beneath the class name, where &lt;package&gt; is the name of the package containing that class. Whenever you see a class on a diagram that contains &quot;(from &lt;package&gt;)&quot;, please view that package for more information on what other relationships that class may have." isDocumentation="true" isURL="false" name="&lt;Unnamed Comment&gt;" publish:icon="-1692003767_icon.png" publish:qualifiedname="FHIM::&lt;Comment&gt;" xmi:id="_.zAU.i.gLE.eE.eKV.u.t.cKI.uRG4A" xsi:type="uml:Comment"><publish:properties><publish:property canonicalName="body" name="Body" publish:category="UML" publish:value="The Federal Health Information Model (FHIM) is a Unified Modeling Language (UML) model that describes the health-related information required by the Federal Health Architecture (FHA) federal partner organizations to achieve interoperability with internal and external systems. The FHIM is a Logical Information Model, suitable to guide the Enterprise Architecture of the federal partner organizations - in other words, each agency’s Enterprise Data Architecture would conceivably subset and specialize the FHIM models. The FHIM model is aligned with existing and emerging healthcare IT standards, such as those issued by HL7 and IHE, and those endorsed or profiled by the Office of the National Coordinator for Health Information Technology (ONC) for incorporation into various regulations...."/><publish:property canonicalName="Keywords" name="Keywords" publish:category="UML"/><publish:property canonicalName="owner" name="Owner" publish:category="UML" publish:ismodellink="true" publish:value="FHIM" xmi:id="420A62FD03B6"/><publish:property canonicalName="Stereotype" name="Stereotype" publish:category="UML" publish:value="documentation"/></publish:properties></ownedComment><packageImport name="&lt;Unnamed PackageImport&gt;" publish:icon="850189356_icon.png" publish:qualifiedname="FHIM::&lt;PackageImport&gt;" xmi:id="_L4VBNOL.iE.d.uGJ.rQ.yRGTO1A" xsi:type="uml:PackageImport"><publish:properties><publish:property canonicalName="importedPackage" name="Imported Package" publish:category="UML" publish:value="«modelLibrary» UMLPrimitiveTypes"/><publish:property canonicalName="importingNamespace" name="Importing Namespace" publish:category="UML" publish:ismodellink="true" publish:value="FHIM" xmi:id="420A62FD03B6"/><publish:property canonicalName="Keywords" name="Keywords" publish:category="UML"/><publish:property canonicalName="owner" name="Owner" publish:category="UML" publish:ismodellink="true" publish:value="FHIM" xmi:id="420A62FD03B6"/><publish:property canonicalName="Stereotype" name="Stereotype" publish:category="UML"/><publish:property canonicalName="visibility" name="Visibility" publish:category="UML" publish:value="Public"/></publish:properties></packageImport><packageImport name="&lt;Unnamed PackageImport&gt;" publish:icon="850189356_icon.png" publish:qualifiedname="FHIM::&lt;PackageImport&gt;" xmi:id="_.vVR.lAKRME.eGZ6.u.e.e.x_M.e0.w" xsi:type="uml:PackageImport"><publish:properties><publish:property canonicalName="importedPackage" name="Imported Package" publish:category="UML" publish:value="FHIM_Vocab"/><publish:property canonicalName="importingNamespace" name="Importing Namespace" publish:category="UML" publish:ismodellink="true" publish:value="FHIM" xmi:id="420A62FD03B6"/><publish:property canonicalName="Keywords" name="Keywords" publish:category="UML"/><publish:property canonicalName="owner" name="Owner" publish:category="UML" publish:ismodellink="true" publish:value="FHIM" xmi:id="420A62FD03B6"/><publish:property canonicalName="Stereotype" name="Stereotype" publish:category="UML"/><publish:property canonicalName="visibility" name="Visibility" publish:category="UML" publish:value="Public"/></publish:properties></packageImport></packagedElement>