<?xml version="1.0" encoding="UTF-8"?><publish:packages xmlns:publish="http://www.ibm.com/Rational/XTools/Publish" xmlns:xmi="http://www.omg.org/XMI"><publish:package name="Pharmacy" publish:icon="-486205120_icon.png" publish:qualifiedname="FHIM::Pharmacy" xmi:id="_420A62FD03B6418FEF4E01D8"/><publish:package name="Lab" publish:icon="-486205120_icon.png" publish:qualifiedname="FHIM::Lab" xmi:id="_420A62FD03B6420A57B401F1"/><publish:package name="HealthConcern" publish:icon="-486205120_icon.png" publish:qualifiedname="FHIM::HealthConcern" xmi:id="_420A62FD03B6420A57D1024D"/><publish:package name="ClinicalDecisionSupport" publish:icon="-486205120_icon.png" publish:qualifiedname="FHIM::ClinicalDecisionSupport" xmi:id="_420A62FD03B64447DEB201EB"/><publish:package name="BodyMassIndexPercentile" publish:icon="838931247_icon.png" publish:qualifiedname="FHIM::DetailedClinicalModels::BodyMassIndexPercentile" xmi:id="_.wBK64GJ4E.e.e2PY0OGM.s0S.w"/><publish:package name="CarePlan" publish:icon="-486205120_icon.png" publish:qualifiedname="FHIM::CarePlan" xmi:id="_DV.q1IAY0E.eG.z0.d.k.a.dE.l.r.kQ"/><publish:package name="Prosthetics" publish:icon="-486205120_icon.png" publish:qualifiedname="FHIM::Prosthetics" xmi:id="_420A62FD03B64361379100A0"/><publish:package name="SecurityAndPrivacy" publish:icon="-486205120_icon.png" publish:qualifiedname="FHIM::SecurityAndPrivacy" xmi:id="_B7.fCUE1QE.d-ZC8.u.uC.l8MVA"/><publish:package name="Weight" publish:icon="838931247_icon.png" publish:qualifiedname="FHIM::VitalSigns::Weight" xmi:id="_MNRV.wI.eME.eOZ2.vW3W.fDP5Q"/><publish:package name="RespirationRate" publish:icon="838931247_icon.png" publish:qualifiedname="FHIM::VitalSigns::RespirationRate" xmi:id="_.d.bRB4I.eDE.eOZ2.vW3W.fDP5Q"/><publish:package name="NewbornHearingScreening" publish:icon="838931247_icon.png" publish:qualifiedname="FHIM::PublicHealthReporting::NewbornHearingScreening" xmi:id="_BO.qV.gJ94E.eGVH.tL.vLEE.d.o.g"/><publish:package name="ClinicalDocument" publish:icon="-486205120_icon.png" publish:qualifiedname="FHIM::ClinicalDocument" xmi:id="_420A62FD03B6420A5808036F"/><publish:package name="OccupationalHealth" publish:icon="838931247_icon.png" publish:qualifiedname="FHIM::PublicHealthReporting::OccupationalHealth" xmi:id="_N.w.h.d.wA.g.qE.eK.p.i5AG.m.kKV.p.g"/><publish:package name="Surgery" publish:icon="-486205120_icon.png" publish:qualifiedname="FHIM::Surgery" xmi:id="_420A62FD03B64294DD880128"/><publish:package name="Encounter" publish:icon="-486205120_icon.png" publish:qualifiedname="FHIM::Encounter" xmi:id="_420A62FD03B6420A57DF03CA"/><publish:package name="SocialWork" publish:icon="-486205120_icon.png" publish:qualifiedname="FHIM::SocialWork" xmi:id="_420A62FD03B64602A626015B"/><publish:package name="ClinicalObservation" publish:icon="-486205120_icon.png" publish:qualifiedname="FHIM::ClinicalObservation" xmi:id="_.n.bB.sIF.a.eE.d6.rJ7.j.pZ7LBF.g"/><publish:package name="ImmunizationForecast" publish:icon="838931247_icon.png" publish:qualifiedname="FHIM::Immunization::ImmunizationForecast" xmi:id="_.x5.tEYLG.kE.eG.kU9G.cFS.zOCA"/><publish:package name="DeathCertificate" publish:icon="838931247_icon.png" publish:qualifiedname="FHIM::Person::DeathCertificate" xmi:id="_E_O.o0F.jGE.eG6P.p3P.y7.p1.b.w"/><publish:package name="GestationalAge" publish:icon="838931247_icon.png" publish:qualifiedname="FHIM::DetailedClinicalModels::GestationalAge" xmi:id="_.z.fUJ0F2.jE.e.e.r.c.r.c.a8.w8.cR.w"/><publish:package name="Allergies" publish:icon="-486205120_icon.png" publish:qualifiedname="FHIM::Allergies" xmi:id="_420A62FD03B6418AB45103D1"/><publish:package name="CIMIReferenceModel" publish:icon="838931247_icon.png" publish:qualifiedname="FHIM::Common::CIMIReferenceModel" xmi:id="_.h.r_.w.wB.gBE.e.i.w.c.pU.e.h.aE.h.rA"/><publish:package name="FHIM" publish:icon="838931247_icon.png" publish:qualifiedname="FHIM" xmi:id="420A62FD03B6"/><publish:package name="FDAMedwatch3500" publish:icon="838931247_icon.png" publish:qualifiedname="FHIM::AdverseEventReporting::FDAMedwatch3500" xmi:id="_.q.oD_.sKSVE.eO.i7.v-A.gU.wKMQ"/><publish:package name="AudiologyAndSpeechPathology" publish:icon="-486205120_icon.png" publish:qualifiedname="FHIM::AudiologyAndSpeechPathology" xmi:id="_420A62FD03B64602A55202DB"/><publish:package name="2 - Model" publish:icon="838931247_icon.png" publish:qualifiedname="FHIM::BehavioralHealth::Behavioral Health Domain::2 - Model" xmi:id="_U.mWZE48GE.d-XN.p.j2.t.j.o.v.xA"/><publish:package name="Consultation" publish:icon="-486205120_icon.png" publish:qualifiedname="FHIM::Consultation" xmi:id="_420A62FD03B64294DBF90337"/><publish:package name="Temperature" publish:icon="838931247_icon.png" publish:qualifiedname="FHIM::VitalSigns::Temperature" xmi:id="_6SUB.gI.eKE.eOZ2.vW3W.fDP5Q"/><publish:package name="Immunization" publish:icon="-486205120_icon.png" publish:qualifiedname="FHIM::Immunization" xmi:id="_420A62FD03B64294DF9F0087"/><publish:package name="SkinAndWound" publish:icon="-486205120_icon.png" publish:qualifiedname="FHIM::SkinAndWound" xmi:id="_.oCG.iYH43E.e.i.p-.sQQ.z.eVEV.w"/><publish:package name="Change Log" publish:icon="838931247_icon.png" publish:qualifiedname="FHIM::BehavioralHealth::Behavioral Health Domain::0 - Change Log::Change Log" xmi:id="_U.m.gPFI8GE.d-XN.p.j2.t.j.o.v.xA"/><publish:package name="Dietetics" publish:icon="-486205120_icon.png" publish:qualifiedname="FHIM::Dietetics" xmi:id="_420A62FD03B64368DF45015B"/><publish:package name="Common" publish:icon="-486205120_icon.png" publish:qualifiedname="FHIM::Common" xmi:id="_420A62FD03B6422C7466026C"/><publish:package name="OncologyRegistry" publish:icon="-486205120_icon.png" publish:qualifiedname="FHIM::OncologyRegistry" xmi:id="_420A62FD03B64447DEE00169"/><publish:package name="MorseFallScale" publish:icon="838931247_icon.png" publish:qualifiedname="FHIM::Assessment::MorseFallScale" xmi:id="_ZG.l-IGJ_E.eK.l3I3L.t5ZAX.g"/><publish:package name="1. FHIM Common Classes" publish:icon="838931247_icon.png" publish:qualifiedname="FHIM::BehavioralHealth::Behavioral Health Domain::2 - Model::1. FHIM Common Classes" xmi:id="_U.mWZFY8GE.d-XN.p.j2.t.j.o.v.xA"/><publish:package name="Orders" publish:icon="-486205120_icon.png" publish:qualifiedname="FHIM::Orders" xmi:id="_420A62FD03B6420A57FD032D"/><publish:package name="CommunicableDiseases" publish:icon="838931247_icon.png" publish:qualifiedname="FHIM::PublicHealthReporting::CommunicableDiseases" xmi:id="_7O.vQALF2E.eG.kU9G.cFS.zOCA"/><publish:package name="4. Future Use" publish:icon="838931247_icon.png" publish:qualifiedname="FHIM::BehavioralHealth::Behavioral Health Domain::2 - Model::4. Future Use" xmi:id="_U.m.gPC.o8GE.d-XN.p.j2.t.j.o.v.xA"/><publish:package name="SpinalCord" publish:icon="-486205120_icon.png" publish:qualifiedname="FHIM::SpinalCord" xmi:id="__.tLS.gM.tKE.d.y.aE.qB.b.y.q3O.k.w"/><publish:package name="BloodBank" publish:icon="-486205120_icon.png" publish:qualifiedname="FHIM::BloodBank" xmi:id="_420A62FD03B64447DE3C024C"/><publish:package name="Datatypes" publish:icon="-486205120_icon.png" publish:qualifiedname="FHIM::Datatypes" xmi:id="_K.qY.g.wM3ZE.d.yM.r.bJ.i.uK.u.eSQ"/><publish:package name="AdverseEventReporting" publish:icon="-486205120_icon.png" publish:qualifiedname="FHIM::AdverseEventReporting" xmi:id="_420A62FD03B642A5CE120016"/><publish:package name="0 - Change Log" publish:icon="838931247_icon.png" publish:qualifiedname="FHIM::BehavioralHealth::Behavioral Health Domain::0 - Change Log" xmi:id="_U.m.gPE.o8GE.d-XN.p.j2.t.j.o.v.xA"/><publish:package name="ArmCircumference" publish:icon="838931247_icon.png" publish:qualifiedname="FHIM::DetailedClinicalModels::ArmCircumference" xmi:id="_6B.f-QF3AE.e.e.r.c.r.c.a8.w8.cR.w"/><publish:package name="PregnancyStatus" publish:icon="838931247_icon.png" publish:qualifiedname="FHIM::DetailedClinicalModels::PregnancyStatus" xmi:id="_.v-.o.zQLU.uE.e.iWR.s.qE.q7.kY.t.g"/><publish:package name="3. Use Cases" publish:icon="838931247_icon.png" publish:qualifiedname="FHIM::BehavioralHealth::Behavioral Health Domain::2 - Model::3. Use Cases" xmi:id="_U.m.gNEY8GE.d-XN.p.j2.t.j.o.v.xA"/><publish:package name="DetailedClinicalModels" publish:icon="-486205120_icon.png" publish:qualifiedname="FHIM::DetailedClinicalModels" xmi:id="_.w.y4_0F2.jE.e.e.r.c.r.c.a8.w8.cR.w"/><publish:package name="Assessment" publish:icon="-486205120_icon.png" publish:qualifiedname="FHIM::Assessment" xmi:id="_420A62FD03B642A6E9450017"/><publish:package name="Imaging" publish:icon="-486205120_icon.png" publish:qualifiedname="FHIM::Imaging" xmi:id="_420A62FD03B6420A5A37025A"/><publish:package name="BirthCertificate" publish:icon="838931247_icon.png" publish:qualifiedname="FHIM::Person::BirthCertificate" xmi:id="_IA_.w.sF.jGE.eG6P.p3P.y7.p1.b.w"/><publish:package name="BehavioralHealth" publish:icon="-486205120_icon.png" publish:qualifiedname="FHIM::BehavioralHealth" xmi:id="_1.oY5AE1PE.d-ZC8.u.uC.l8MVA"/><publish:package name="MedicationAdministration" publish:icon="-486205120_icon.png" publish:qualifiedname="FHIM::MedicationAdministration" xmi:id="__EI_AA.jME.e.eH-JU.b.uHPV.c.g"/><publish:package name="HomeBasedPrimaryCare" publish:icon="-486205120_icon.png" publish:qualifiedname="FHIM::HomeBasedPrimaryCare" xmi:id="_420A62FD03B643613746019D"/><publish:package name="Autopsy" publish:icon="838931247_icon.png" publish:qualifiedname="FHIM::Lab::Autopsy" xmi:id="__.rY.pEGIOE.eCHA.oM78L.f2.xA"/><publish:package name="CommonProduct" publish:icon="-486205120_icon.png" publish:qualifiedname="FHIM::CommonProduct" xmi:id="_SH75INNUE.eGR.nP.i2MLPE0.g"/><publish:package name="EnrollEligCOB" publish:icon="-486205120_icon.png" publish:qualifiedname="FHIM::EnrollEligCOB" xmi:id="_420A62FD03B645465F2F00A1"/><publish:package name="PublicHealthReporting" publish:icon="-486205120_icon.png" publish:qualifiedname="FHIM::PublicHealthReporting" xmi:id="_.vKA.dQJ93E.eGVH.tL.vLEE.d.o.g"/><publish:package name="MaternityQualityImprovement" publish:icon="838931247_icon.png" publish:qualifiedname="FHIM::PublicHealthReporting::MaternityQualityImprovement" xmi:id="_N.l.pIUH33E.e.e1.p7YHZR.kHE.w"/><publish:package name="2.3 Behavioral Health Record Exchange Classes" publish:icon="838931247_icon.png" publish:qualifiedname="FHIM::BehavioralHealth::Behavioral Health Domain::2 - Model::2. Behavioral Health: Information Model::2.3 Behavioral Health Record Exchange Classes" xmi:id="_U.mW.j.i.o8GE.d-XN.p.j2.t.j.o.v.xA"/><publish:package name="BodyMassIndex" publish:icon="838931247_icon.png" publish:qualifiedname="FHIM::DetailedClinicalModels::BodyMassIndex" xmi:id="_.hGIOAGJ.vE.e.e2PY0OGM.s0S.w"/><publish:package name="PatientEducation" publish:icon="-486205120_icon.png" publish:qualifiedname="FHIM::PatientEducation" xmi:id="_420A62FD03B6436137790312"/><publish:package name="Height" publish:icon="838931247_icon.png" publish:qualifiedname="FHIM::VitalSigns::Height" xmi:id="_.jP.n.x.sI.d5E.eOZ2.vW3W.fDP5Q"/><publish:package name="WomensHealth" publish:icon="-486205120_icon.png" publish:qualifiedname="FHIM::WomensHealth" xmi:id="_420A62FD03B6436137C60273"/><publish:package name="2.2 Behavioral Health Assessment Exchange Classes" publish:icon="838931247_icon.png" publish:qualifiedname="FHIM::BehavioralHealth::Behavioral Health Domain::2 - Model::2. Behavioral Health: Information Model::2.2 Behavioral Health Assessment Exchange Classes" xmi:id="_U.mW.eAY8GE.d-XN.p.j2.t.j.o.v.xA"/><publish:package name="O2Saturation" publish:icon="838931247_icon.png" publish:qualifiedname="FHIM::VitalSigns::O2Saturation" xmi:id="_7.n4HQI.d_E.eOZ2.vW3W.fDP5Q"/><publish:package name="Behavioral Health Domain" publish:icon="838931247_icon.png" publish:qualifiedname="FHIM::BehavioralHealth::Behavioral Health Domain" xmi:id="_U.mWZEI8GE.d-XN.p.j2.t.j.o.v.xA"/><publish:package name="2.5 Terminology Analysis" publish:icon="838931247_icon.png" publish:qualifiedname="FHIM::BehavioralHealth::Behavioral Health Domain::2 - Model::2. Behavioral Health: Information Model::2.5 Terminology Analysis" xmi:id="_U.m.gM.qY8GE.d-XN.p.j2.t.j.o.v.xA"/><publish:package name="LastMenstrualPeriodStartDate" publish:icon="838931247_icon.png" publish:qualifiedname="FHIM::DetailedClinicalModels::LastMenstrualPeriodStartDate" xmi:id="_.t4MO.sLU.vE.e.iWR.s.qE.q7.kY.t.g"/><publish:package name="2. Behavioral Health: Information Model" publish:icon="838931247_icon.png" publish:qualifiedname="FHIM::BehavioralHealth::Behavioral Health Domain::2 - Model::2. Behavioral Health: Information Model" xmi:id="_U.mW.aPY8GE.d-XN.p.j2.t.j.o.v.xA"/><publish:package name="1 - Publication Overview " publish:icon="838931247_icon.png" publish:qualifiedname="FHIM::BehavioralHealth::Behavioral Health Domain::1 - Publication Overview " xmi:id="_.oT.s.yIJA.yE.d-.v.z.r_-PBH.u3.w"/><publish:package name="BloodPressure" publish:icon="838931247_icon.png" publish:qualifiedname="FHIM::VitalSigns::BloodPressure" xmi:id="_.aL.j.cEI.d.sE.eOZ2.vW3W.fDP5Q"/><publish:package name="HeartRate" publish:icon="838931247_icon.png" publish:qualifiedname="FHIM::VitalSigns::HeartRate" xmi:id="_.gY2Z4I.d.uE.eOZ2.vW3W.fDP5Q"/><publish:package name="SmokingStatus" publish:icon="838931247_icon.png" publish:qualifiedname="FHIM::DetailedClinicalModels::SmokingStatus" xmi:id="_Z6.lE.sK.fRE.e.i.t.t.o0.c.u.bQ.n1A"/><publish:package name="_generic_" publish:icon="838931247_icon.png" publish:qualifiedname="FHIM::DetailedClinicalModels::_generic_" xmi:id="_O.d.xMMI.aUE.e.e0.x_B.rP.kL.kDA"/><publish:package name="Person" publish:icon="-486205120_icon.png" publish:qualifiedname="FHIM::Person" xmi:id="_MMS2.oEDFE.eO2.a.aQ.pQ.xR.e.r.g"/><publish:package name="Provider" publish:icon="-486205120_icon.png" publish:qualifiedname="FHIM::Provider" xmi:id="_WG-84JN.mE.eC.y.u.fOLCDZ.kFA"/><publish:package name="Dialysis" publish:icon="-486205120_icon.png" publish:qualifiedname="FHIM::Dialysis" xmi:id="_E5VB0H43E.e.i.p-.sQQ.z.eVEV.w"/><publish:package name="VitalSigns" publish:icon="-486205120_icon.png" publish:qualifiedname="FHIM::VitalSigns" xmi:id="_420A62FD03B6418CFFCD01B6"/><publish:package name="TricepsSkinFold" publish:icon="838931247_icon.png" publish:qualifiedname="FHIM::DetailedClinicalModels::TricepsSkinFold" xmi:id="_.kEOT.oGJ.rE.e.e2PY0OGM.s0S.w"/><publish:package name="2.1 Common Behavioral Health Classes" publish:icon="838931247_icon.png" publish:qualifiedname="FHIM::BehavioralHealth::Behavioral Health Domain::2 - Model::2. Behavioral Health: Information Model::2.1 Common Behavioral Health Classes" xmi:id="_U.m.gL-Y8GE.d-XN.p.j2.t.j.o.v.xA"/><publish:package name="2.4 Summary Information Exchange Classes" publish:icon="838931247_icon.png" publish:qualifiedname="FHIM::BehavioralHealth::Behavioral Health Domain::2 - Model::2. Behavioral Health: Information Model::2.4 Summary Information Exchange Classes" xmi:id="_U.mW.aQI8GE.d-XN.p.j2.t.j.o.v.xA"/><publish:package name="Dental" publish:icon="-486205120_icon.png" publish:qualifiedname="FHIM::Dental" xmi:id="_420A62FD03B6436136E100D9"/><publish:package name="FHIM_Vocab" publish:icon="838931247_icon.png" publish:qualifiedname="FHIM_Vocab" xmi:id="_2B97VRSVE.eGG.z.u7.f.mW9.pX.w"/><publish:package name="FHIM_Vocab" publish:icon="838931247_icon.png" publish:qualifiedname="FHIM_Vocab" xmi:id="_2B97VRSVE.eGG.z.u7.f.mW9.pX.w"/><publish:package name="ImmunizationVocab" publish:icon="838931247_icon.png" publish:qualifiedname="FHIM_Vocab::ImmunizationVocab" xmi:id="_.eI.u.zQMBVE.eGO.jJT.iA9.qJ1.w"/><publish:package name="PersonVocab" publish:icon="838931247_icon.png" publish:qualifiedname="FHIM_Vocab::PersonVocab" xmi:id="_.e.x.u.b.wP.a.hE.eG.gPNPSC_BP.y.g"/><publish:package name="CommonAndDatatypesVocab" publish:icon="838931247_icon.png" publish:qualifiedname="FHIM_Vocab::CommonAndDatatypesVocab" xmi:id="_U.s32MP.a.iE.eG.pC.d694F.c.d.qQ"/><publish:package name="CommonProductVocab" publish:icon="838931247_icon.png" publish:qualifiedname="FHIM_Vocab::CommonProductVocab" xmi:id="_.i.lRJYP.a.iE.eG.pC.d694F.c.d.qQ"/><publish:package name="EncounterVocab" publish:icon="838931247_icon.png" publish:qualifiedname="FHIM_Vocab::EncounterVocab" xmi:id="_.w.c.a.fYP.a.iE.eG.pC.d694F.c.d.qQ"/><publish:package name="ProviderVocab" publish:icon="838931247_icon.png" publish:qualifiedname="FHIM_Vocab::ProviderVocab" xmi:id="_RC.b.vUP.a.jE.eG.pC.d694F.c.d.qQ"/><publish:package name="EECOBVocab" publish:icon="838931247_icon.png" publish:qualifiedname="FHIM_Vocab::EECOBVocab" xmi:id="_L.p.zB.kAP.nE.eKA.x.s.eX.cM.h.bE.g"/><publish:package name="ProblemListVocab" publish:icon="838931247_icon.png" publish:qualifiedname="FHIM_Vocab::ProblemListVocab" xmi:id="_FL.pS.cA.gFE.eKLN6LVEE.d_.r.w"/><publish:package name="LabVocab" publish:icon="838931247_icon.png" publish:qualifiedname="FHIM_Vocab::LabVocab" xmi:id="_.vUR.sYBJ.eE.eKBD.eGP59R.rVA"/><publish:package name="PharmacyVocab" publish:icon="838931247_icon.png" publish:qualifiedname="FHIM_Vocab::PharmacyVocab" xmi:id="_8.m.m.eEBJ.eE.eKBD.eGP59R.rVA"/><publish:package name="SecurityPrivacyVocab" publish:icon="838931247_icon.png" publish:qualifiedname="FHIM_Vocab::SecurityPrivacyVocab" xmi:id="_D4.gFUA6.mE.eSR.tMKZG.aK6Z.w"/><publish:package name="VitalSignsVocab" publish:icon="838931247_icon.png" publish:qualifiedname="FHIM_Vocab::VitalSignsVocab" xmi:id="_.g.qOH.wA6.nE.eSR.tMKZG.aK6Z.w"/><publish:package name="AllergyVocab" publish:icon="838931247_icon.png" publish:qualifiedname="FHIM_Vocab::AllergyVocab" xmi:id="_.l-73.wN.lME.eS93.fJLU.dB.k.h.g"/><publish:package name="CarePlanVocab" publish:icon="838931247_icon.png" publish:qualifiedname="FHIM_Vocab::CarePlanVocab" xmi:id="_C.l.z.r.cOU0E.eW.lU.t.xA-8RV.eQ"/><publish:package name="ImagingVocab" publish:icon="838931247_icon.png" publish:qualifiedname="FHIM_Vocab::ImagingVocab" xmi:id="_.oBYGMPCGE.eW.oT_0.zI.v.vI.mQ"/><publish:package name="FHIM" publish:icon="838931247_icon.png" publish:qualifiedname="FHIM" xmi:id="420A62FD03B6"/><publish:package name="CommonProduct" publish:icon="-486205120_icon.png" publish:qualifiedname="FHIM::CommonProduct" xmi:id="_SH75INNUE.eGR.nP.i2MLPE0.g"/><publish:package name="AdverseEventReporting" publish:icon="-486205120_icon.png" publish:qualifiedname="FHIM::AdverseEventReporting" xmi:id="_420A62FD03B642A5CE120016"/><publish:package name="FDAMedwatch3500" publish:icon="838931247_icon.png" publish:qualifiedname="FHIM::AdverseEventReporting::FDAMedwatch3500" xmi:id="_.q.oD_.sKSVE.eO.i7.v-A.gU.wKMQ"/><publish:package name="Allergies" publish:icon="-486205120_icon.png" publish:qualifiedname="FHIM::Allergies" xmi:id="_420A62FD03B6418AB45103D1"/><publish:package name="AudiologyAndSpeechPathology" publish:icon="-486205120_icon.png" publish:qualifiedname="FHIM::AudiologyAndSpeechPathology" xmi:id="_420A62FD03B64602A55202DB"/><publish:package name="BehavioralHealth" publish:icon="-486205120_icon.png" publish:qualifiedname="FHIM::BehavioralHealth" xmi:id="_1.oY5AE1PE.d-ZC8.u.uC.l8MVA"/><publish:package name="Behavioral Health Domain" publish:icon="838931247_icon.png" publish:qualifiedname="FHIM::BehavioralHealth::Behavioral Health Domain" xmi:id="_U.mWZEI8GE.d-XN.p.j2.t.j.o.v.xA"/><publish:package name="2 - Model" publish:icon="838931247_icon.png" publish:qualifiedname="FHIM::BehavioralHealth::Behavioral Health Domain::2 - Model" xmi:id="_U.mWZE48GE.d-XN.p.j2.t.j.o.v.xA"/><publish:package name="1. FHIM Common Classes" publish:icon="838931247_icon.png" publish:qualifiedname="FHIM::BehavioralHealth::Behavioral Health Domain::2 - Model::1. FHIM Common Classes" xmi:id="_U.mWZFY8GE.d-XN.p.j2.t.j.o.v.xA"/><publish:package name="2. Behavioral Health: Information Model" publish:icon="838931247_icon.png" publish:qualifiedname="FHIM::BehavioralHealth::Behavioral Health Domain::2 - Model::2. Behavioral Health: Information Model" xmi:id="_U.mW.aPY8GE.d-XN.p.j2.t.j.o.v.xA"/><publish:package name="2.4 Summary Information Exchange Classes" publish:icon="838931247_icon.png" publish:qualifiedname="FHIM::BehavioralHealth::Behavioral Health Domain::2 - Model::2. Behavioral Health: Information Model::2.4 Summary Information Exchange Classes" xmi:id="_U.mW.aQI8GE.d-XN.p.j2.t.j.o.v.xA"/><publish:package name="2.2 Behavioral Health Assessment Exchange Classes" publish:icon="838931247_icon.png" publish:qualifiedname="FHIM::BehavioralHealth::Behavioral Health Domain::2 - Model::2. Behavioral Health: Information Model::2.2 Behavioral Health Assessment Exchange Classes" xmi:id="_U.mW.eAY8GE.d-XN.p.j2.t.j.o.v.xA"/><publish:package name="2.3 Behavioral Health Record Exchange Classes" publish:icon="838931247_icon.png" publish:qualifiedname="FHIM::BehavioralHealth::Behavioral Health Domain::2 - Model::2. Behavioral Health: Information Model::2.3 Behavioral Health Record Exchange Classes" xmi:id="_U.mW.j.i.o8GE.d-XN.p.j2.t.j.o.v.xA"/><publish:package name="2.1 Common Behavioral Health Classes" publish:icon="838931247_icon.png" publish:qualifiedname="FHIM::BehavioralHealth::Behavioral Health Domain::2 - Model::2. Behavioral Health: Information Model::2.1 Common Behavioral Health Classes" xmi:id="_U.m.gL-Y8GE.d-XN.p.j2.t.j.o.v.xA"/><publish:package name="2.5 Terminology Analysis" publish:icon="838931247_icon.png" publish:qualifiedname="FHIM::BehavioralHealth::Behavioral Health Domain::2 - Model::2. Behavioral Health: Information Model::2.5 Terminology Analysis" xmi:id="_U.m.gM.qY8GE.d-XN.p.j2.t.j.o.v.xA"/><publish:package name="3. Use Cases" publish:icon="838931247_icon.png" publish:qualifiedname="FHIM::BehavioralHealth::Behavioral Health Domain::2 - Model::3. Use Cases" xmi:id="_U.m.gNEY8GE.d-XN.p.j2.t.j.o.v.xA"/><publish:package name="4. Future Use" publish:icon="838931247_icon.png" publish:qualifiedname="FHIM::BehavioralHealth::Behavioral Health Domain::2 - Model::4. Future Use" xmi:id="_U.m.gPC.o8GE.d-XN.p.j2.t.j.o.v.xA"/><publish:package name="0 - Change Log" publish:icon="838931247_icon.png" publish:qualifiedname="FHIM::BehavioralHealth::Behavioral Health Domain::0 - Change Log" xmi:id="_U.m.gPE.o8GE.d-XN.p.j2.t.j.o.v.xA"/><publish:package name="Change Log" publish:icon="838931247_icon.png" publish:qualifiedname="FHIM::BehavioralHealth::Behavioral Health Domain::0 - Change Log::Change Log" xmi:id="_U.m.gPFI8GE.d-XN.p.j2.t.j.o.v.xA"/><publish:package name="1 - Publication Overview " publish:icon="838931247_icon.png" publish:qualifiedname="FHIM::BehavioralHealth::Behavioral Health Domain::1 - Publication Overview " xmi:id="_.oT.s.yIJA.yE.d-.v.z.r_-PBH.u3.w"/><publish:package name="BloodBank" publish:icon="-486205120_icon.png" publish:qualifiedname="FHIM::BloodBank" xmi:id="_420A62FD03B64447DE3C024C"/><publish:package name="CarePlan" publish:icon="-486205120_icon.png" publish:qualifiedname="FHIM::CarePlan" xmi:id="_DV.q1IAY0E.eG.z0.d.k.a.dE.l.r.kQ"/><publish:package name="ClinicalDecisionSupport" publish:icon="-486205120_icon.png" publish:qualifiedname="FHIM::ClinicalDecisionSupport" xmi:id="_420A62FD03B64447DEB201EB"/><publish:package name="ClinicalDocument" publish:icon="-486205120_icon.png" publish:qualifiedname="FHIM::ClinicalDocument" xmi:id="_420A62FD03B6420A5808036F"/><publish:package name="ClinicalObservation" publish:icon="-486205120_icon.png" publish:qualifiedname="FHIM::ClinicalObservation" xmi:id="_.n.bB.sIF.a.eE.d6.rJ7.j.pZ7LBF.g"/><publish:package name="Common" publish:icon="-486205120_icon.png" publish:qualifiedname="FHIM::Common" xmi:id="_420A62FD03B6422C7466026C"/><publish:package name="CIMIReferenceModel" publish:icon="838931247_icon.png" publish:qualifiedname="FHIM::Common::CIMIReferenceModel" xmi:id="_.h.r_.w.wB.gBE.e.i.w.c.pU.e.h.aE.h.rA"/><publish:package name="Consultation" publish:icon="-486205120_icon.png" publish:qualifiedname="FHIM::Consultation" xmi:id="_420A62FD03B64294DBF90337"/><publish:package name="Datatypes" publish:icon="-486205120_icon.png" publish:qualifiedname="FHIM::Datatypes" xmi:id="_K.qY.g.wM3ZE.d.yM.r.bJ.i.uK.u.eSQ"/><publish:package name="Dental" publish:icon="-486205120_icon.png" publish:qualifiedname="FHIM::Dental" xmi:id="_420A62FD03B6436136E100D9"/><publish:package name="Dietetics" publish:icon="-486205120_icon.png" publish:qualifiedname="FHIM::Dietetics" xmi:id="_420A62FD03B64368DF45015B"/><publish:package name="Encounter" publish:icon="-486205120_icon.png" publish:qualifiedname="FHIM::Encounter" xmi:id="_420A62FD03B6420A57DF03CA"/><publish:package name="EnrollEligCOB" publish:icon="-486205120_icon.png" publish:qualifiedname="FHIM::EnrollEligCOB" xmi:id="_420A62FD03B645465F2F00A1"/><publish:package name="HomeBasedPrimaryCare" publish:icon="-486205120_icon.png" publish:qualifiedname="FHIM::HomeBasedPrimaryCare" xmi:id="_420A62FD03B643613746019D"/><publish:package name="Imaging" publish:icon="-486205120_icon.png" publish:qualifiedname="FHIM::Imaging" xmi:id="_420A62FD03B6420A5A37025A"/><publish:package name="Immunization" publish:icon="-486205120_icon.png" publish:qualifiedname="FHIM::Immunization" xmi:id="_420A62FD03B64294DF9F0087"/><publish:package name="ImmunizationForecast" publish:icon="838931247_icon.png" publish:qualifiedname="FHIM::Immunization::ImmunizationForecast" xmi:id="_.x5.tEYLG.kE.eG.kU9G.cFS.zOCA"/><publish:package name="Lab" publish:icon="-486205120_icon.png" publish:qualifiedname="FHIM::Lab" xmi:id="_420A62FD03B6420A57B401F1"/><publish:package name="Autopsy" publish:icon="838931247_icon.png" publish:qualifiedname="FHIM::Lab::Autopsy" xmi:id="__.rY.pEGIOE.eCHA.oM78L.f2.xA"/><publish:package name="Assessment" publish:icon="-486205120_icon.png" publish:qualifiedname="FHIM::Assessment" xmi:id="_420A62FD03B642A6E9450017"/><publish:package name="MorseFallScale" publish:icon="838931247_icon.png" publish:qualifiedname="FHIM::Assessment::MorseFallScale" xmi:id="_ZG.l-IGJ_E.eK.l3I3L.t5ZAX.g"/><publish:package name="OncologyRegistry" publish:icon="-486205120_icon.png" publish:qualifiedname="FHIM::OncologyRegistry" xmi:id="_420A62FD03B64447DEE00169"/><publish:package name="Orders" publish:icon="-486205120_icon.png" publish:qualifiedname="FHIM::Orders" xmi:id="_420A62FD03B6420A57FD032D"/><publish:package name="PatientEducation" publish:icon="-486205120_icon.png" publish:qualifiedname="FHIM::PatientEducation" xmi:id="_420A62FD03B6436137790312"/><publish:package name="Pharmacy" publish:icon="-486205120_icon.png" publish:qualifiedname="FHIM::Pharmacy" xmi:id="_420A62FD03B6418FEF4E01D8"/><publish:package name="HealthConcern" publish:icon="-486205120_icon.png" publish:qualifiedname="FHIM::HealthConcern" xmi:id="_420A62FD03B6420A57D1024D"/><publish:package name="Prosthetics" publish:icon="-486205120_icon.png" publish:qualifiedname="FHIM::Prosthetics" xmi:id="_420A62FD03B64361379100A0"/><publish:package name="Provider" publish:icon="-486205120_icon.png" publish:qualifiedname="FHIM::Provider" xmi:id="_WG-84JN.mE.eC.y.u.fOLCDZ.kFA"/><publish:package name="PublicHealthReporting" publish:icon="-486205120_icon.png" publish:qualifiedname="FHIM::PublicHealthReporting" xmi:id="_.vKA.dQJ93E.eGVH.tL.vLEE.d.o.g"/><publish:package name="NewbornHearingScreening" publish:icon="838931247_icon.png" publish:qualifiedname="FHIM::PublicHealthReporting::NewbornHearingScreening" xmi:id="_BO.qV.gJ94E.eGVH.tL.vLEE.d.o.g"/><publish:package name="CommunicableDiseases" publish:icon="838931247_icon.png" publish:qualifiedname="FHIM::PublicHealthReporting::CommunicableDiseases" xmi:id="_7O.vQALF2E.eG.kU9G.cFS.zOCA"/><publish:package name="OccupationalHealth" publish:icon="838931247_icon.png" publish:qualifiedname="FHIM::PublicHealthReporting::OccupationalHealth" xmi:id="_N.w.h.d.wA.g.qE.eK.p.i5AG.m.kKV.p.g"/><publish:package name="MaternityQualityImprovement" publish:icon="838931247_icon.png" publish:qualifiedname="FHIM::PublicHealthReporting::MaternityQualityImprovement" xmi:id="_N.l.pIUH33E.e.e1.p7YHZR.kHE.w"/><publish:package name="SecurityAndPrivacy" publish:icon="-486205120_icon.png" publish:qualifiedname="FHIM::SecurityAndPrivacy" xmi:id="_B7.fCUE1QE.d-ZC8.u.uC.l8MVA"/><publish:package name="SocialWork" publish:icon="-486205120_icon.png" publish:qualifiedname="FHIM::SocialWork" xmi:id="_420A62FD03B64602A626015B"/><publish:package name="SpinalCord" publish:icon="-486205120_icon.png" publish:qualifiedname="FHIM::SpinalCord" xmi:id="__.tLS.gM.tKE.d.y.aE.qB.b.y.q3O.k.w"/><publish:package name="Surgery" publish:icon="-486205120_icon.png" publish:qualifiedname="FHIM::Surgery" xmi:id="_420A62FD03B64294DD880128"/><publish:package name="VitalSigns" publish:icon="-486205120_icon.png" publish:qualifiedname="FHIM::VitalSigns" xmi:id="_420A62FD03B6418CFFCD01B6"/><publish:package name="BloodPressure" publish:icon="838931247_icon.png" publish:qualifiedname="FHIM::VitalSigns::BloodPressure" xmi:id="_.aL.j.cEI.d.sE.eOZ2.vW3W.fDP5Q"/><publish:package name="HeartRate" publish:icon="838931247_icon.png" publish:qualifiedname="FHIM::VitalSigns::HeartRate" xmi:id="_.gY2Z4I.d.uE.eOZ2.vW3W.fDP5Q"/><publish:package name="Height" publish:icon="838931247_icon.png" publish:qualifiedname="FHIM::VitalSigns::Height" xmi:id="_.jP.n.x.sI.d5E.eOZ2.vW3W.fDP5Q"/><publish:package name="O2Saturation" publish:icon="838931247_icon.png" publish:qualifiedname="FHIM::VitalSigns::O2Saturation" xmi:id="_7.n4HQI.d_E.eOZ2.vW3W.fDP5Q"/><publish:package name="RespirationRate" publish:icon="838931247_icon.png" publish:qualifiedname="FHIM::VitalSigns::RespirationRate" xmi:id="_.d.bRB4I.eDE.eOZ2.vW3W.fDP5Q"/><publish:package name="Temperature" publish:icon="838931247_icon.png" publish:qualifiedname="FHIM::VitalSigns::Temperature" xmi:id="_6SUB.gI.eKE.eOZ2.vW3W.fDP5Q"/><publish:package name="Weight" publish:icon="838931247_icon.png" publish:qualifiedname="FHIM::VitalSigns::Weight" xmi:id="_MNRV.wI.eME.eOZ2.vW3W.fDP5Q"/><publish:package name="WomensHealth" publish:icon="-486205120_icon.png" publish:qualifiedname="FHIM::WomensHealth" xmi:id="_420A62FD03B6436137C60273"/><publish:package name="Person" publish:icon="-486205120_icon.png" publish:qualifiedname="FHIM::Person" xmi:id="_MMS2.oEDFE.eO2.a.aQ.pQ.xR.e.r.g"/><publish:package name="BirthCertificate" publish:icon="838931247_icon.png" publish:qualifiedname="FHIM::Person::BirthCertificate" xmi:id="_IA_.w.sF.jGE.eG6P.p3P.y7.p1.b.w"/><publish:package name="DeathCertificate" publish:icon="838931247_icon.png" publish:qualifiedname="FHIM::Person::DeathCertificate" xmi:id="_E_O.o0F.jGE.eG6P.p3P.y7.p1.b.w"/><publish:package name="MedicationAdministration" publish:icon="-486205120_icon.png" publish:qualifiedname="FHIM::MedicationAdministration" xmi:id="__EI_AA.jME.e.eH-JU.b.uHPV.c.g"/><publish:package name="DetailedClinicalModels" publish:icon="-486205120_icon.png" publish:qualifiedname="FHIM::DetailedClinicalModels" xmi:id="_.w.y4_0F2.jE.e.e.r.c.r.c.a8.w8.cR.w"/><publish:package name="GestationalAge" publish:icon="838931247_icon.png" publish:qualifiedname="FHIM::DetailedClinicalModels::GestationalAge" xmi:id="_.z.fUJ0F2.jE.e.e.r.c.r.c.a8.w8.cR.w"/><publish:package name="ArmCircumference" publish:icon="838931247_icon.png" publish:qualifiedname="FHIM::DetailedClinicalModels::ArmCircumference" xmi:id="_6B.f-QF3AE.e.e.r.c.r.c.a8.w8.cR.w"/><publish:package name="TricepsSkinFold" publish:icon="838931247_icon.png" publish:qualifiedname="FHIM::DetailedClinicalModels::TricepsSkinFold" xmi:id="_.kEOT.oGJ.rE.e.e2PY0OGM.s0S.w"/><publish:package name="BodyMassIndex" publish:icon="838931247_icon.png" publish:qualifiedname="FHIM::DetailedClinicalModels::BodyMassIndex" xmi:id="_.hGIOAGJ.vE.e.e2PY0OGM.s0S.w"/><publish:package name="BodyMassIndexPercentile" publish:icon="838931247_icon.png" publish:qualifiedname="FHIM::DetailedClinicalModels::BodyMassIndexPercentile" xmi:id="_.wBK64GJ4E.e.e2PY0OGM.s0S.w"/><publish:package name="_generic_" publish:icon="838931247_icon.png" publish:qualifiedname="FHIM::DetailedClinicalModels::_generic_" xmi:id="_O.d.xMMI.aUE.e.e0.x_B.rP.kL.kDA"/><publish:package name="SmokingStatus" publish:icon="838931247_icon.png" publish:qualifiedname="FHIM::DetailedClinicalModels::SmokingStatus" xmi:id="_Z6.lE.sK.fRE.e.i.t.t.o0.c.u.bQ.n1A"/><publish:package name="PregnancyStatus" publish:icon="838931247_icon.png" publish:qualifiedname="FHIM::DetailedClinicalModels::PregnancyStatus" xmi:id="_.v-.o.zQLU.uE.e.iWR.s.qE.q7.kY.t.g"/><publish:package name="LastMenstrualPeriodStartDate" publish:icon="838931247_icon.png" publish:qualifiedname="FHIM::DetailedClinicalModels::LastMenstrualPeriodStartDate" xmi:id="_.t4MO.sLU.vE.e.iWR.s.qE.q7.kY.t.g"/><publish:package name="Dialysis" publish:icon="-486205120_icon.png" publish:qualifiedname="FHIM::Dialysis" xmi:id="_E5VB0H43E.e.i.p-.sQQ.z.eVEV.w"/><publish:package name="SkinAndWound" publish:icon="-486205120_icon.png" publish:qualifiedname="FHIM::SkinAndWound" xmi:id="_.oCG.iYH43E.e.i.p-.sQQ.z.eVEV.w"/></publish:packages>