<?xml version="1.0" encoding="UTF-8"?><packagedElement name="BodyMassIndex" xmlns:publish="http://www.ibm.com/Rational/XTools/Publish" publish:diagramFormat="PNG" publish:icon="838931247_icon.png" publish:modelname="FHIM" publish:qualifiedname="FHIM::DetailedClinicalModels::BodyMassIndex" publish:sortOrder="storage" publish:toplevelguid="420A62FD03B6" xmlns:xmi="http://www.omg.org/XMI" xmi:id="_.hGIOAGJ.vE.e.e2PY0OGM.s0S.w" xmi:version="2.0" xmlns:com.ibm.xtools.notation="http:///com/ibm/xtools/notation.ecore" xmlns:uml="http://www.eclipse.org/uml2/1.0.0/UML" xmlns:xsi="http://www.w3.org/2001/XMLSchema-instance" xsi:type="uml:Package"><publish:properties><publish:property canonicalName="Alias" name="Alias" publish:category="UML"/><publish:property canonicalName="Keywords" name="Keywords" publish:category="UML"/><publish:property canonicalName="name" name="Name" publish:category="UML" publish:value="BodyMassIndex"/><publish:property canonicalName="nameExpression" name="Name Expression" publish:category="UML"/><publish:property canonicalName="namespace" name="Namespace" publish:category="UML" publish:ismodellink="false" publish:value="DetailedClinicalModels" xmi:id="_.w.y4_0F2.jE.e.e.r.c.r.c.a8.w8.cR.w"/><publish:property canonicalName="nestingPackage" name="Nesting Package" publish:category="UML" publish:ismodellink="false" publish:value="DetailedClinicalModels" xmi:id="_.w.y4_0F2.jE.e.e.r.c.r.c.a8.w8.cR.w"/><publish:property canonicalName="ownedTemplateSignature" name="Owned Template Signature" publish:category="UML"/><publish:property canonicalName="owner" name="Owner" publish:category="UML" publish:ismodellink="false" publish:value="DetailedClinicalModels" xmi:id="_.w.y4_0F2.jE.e.e.r.c.r.c.a8.w8.cR.w"/><publish:property canonicalName="owningTemplateParameter" name="Owning Template Parameter" publish:category="UML"/><publish:property canonicalName="qualifiedName" name="Qualified Name" publish:category="UML" publish:value="FHIM::DetailedClinicalModels::BodyMassIndex"/><publish:property canonicalName="Stereotype" name="Stereotype" publish:category="UML"/><publish:property canonicalName="templateParameter" name="Template Parameter" publish:category="UML"/><publish:property canonicalName="visibility" name="Visibility" publish:category="UML" publish:value="Public"/></publish:properties><contents Type="Class" isDefault="true" name="_BodyMassIndex" publish:icon="-494644613_icon.png" publish:imageType="PNG" publish:qualifiedname="FHIM::DetailedClinicalModels::BodyMassIndex::_BodyMassIndex" xmi:id="_.hGIOA.mJ.vE.e.e2PY0OGM.s0S.w" xsi:type="notation:Diagram"><publish:properties><publish:property canonicalName="description" name="Description" publish:category="View"/><publish:property canonicalName="graphLayout" name="Graph Layout" publish:category="View" publish:value="VerticalOrthogonalHierarchical"/><publish:property canonicalName="labelLayout" name="Label Layout" publish:category="View" publish:value="None"/><publish:property canonicalName="linkLayout" name="Link Layout" publish:category="View" publish:value="None"/><publish:property canonicalName="measurementUnit" name="Measurement Unit" publish:category="View" publish:value="Himetric"/><publish:property canonicalName="name" name="Name" publish:category="View" publish:value="_BodyMassIndex"/><publish:property canonicalName="pageHeight" name="Page Height" publish:category="View" publish:value="100"/><publish:property canonicalName="pageWidth" name="Page Width" publish:category="View" publish:value="100"/><publish:property canonicalName="pageX" name="Page X" publish:category="View" publish:value="0"/><publish:property canonicalName="pageY" name="Page Y" publish:category="View" publish:value="0"/><publish:property canonicalName="styles" name="Styles" publish:category="View"/><publish:property canonicalName="useAliasName" name="Use Alias Name" publish:category="View" publish:value="false"/></publish:properties><publish:partInfo name="Generalization" publish:ismodellink="false" publish:partLowerX="0" publish:partLowerY="0" publish:partUpperX="0" publish:partUpperY="0" shape="rect" xmi:id="__8.cJ.oIF.uE.e.iF.w.eA6NKJQO.g"/><publish:partInfo coords="611,297,611,216,621,216,621,297,611,297" name="Generalization" publish:ismodellink="false" shape="poly" xmi:id="__8.cJ.oIF.uE.e.iF.w.eA6NKJQO.g"/><publish:partInfo name="Generalization" publish:ismodellink="false" publish:partLowerX="0" publish:partLowerY="0" publish:partUpperX="0" publish:partUpperY="0" shape="rect" xmi:id="_A.wCRYDK.tE.e.i.d.l.pJU2T.uL.zA"/><publish:partInfo coords="609,177,609,60,619,60,619,177,609,177" name="Generalization" publish:ismodellink="false" shape="poly" xmi:id="_A.wCRYDK.tE.e.i.d.l.pJU2T.uL.zA"/><publish:partInfo name="Generalization" publish:ismodellink="false" publish:partLowerX="0" publish:partLowerY="0" publish:partUpperX="0" publish:partUpperY="0" shape="rect" xmi:id="_RK8S4HS_E.e.i.i.x4MS.tZH.fGQ"/><publish:partInfo coords="617,417,617,352,627,352,627,417,617,417" name="Generalization" publish:ismodellink="false" shape="poly" xmi:id="_RK8S4HS_E.e.i.i.x4MS.tZH.fGQ"/><publish:partInfo name="ClinicalStatement" publish:ismodellink="false" publish:partLowerX="686" publish:partLowerY="219" publish:partUpperX="549" publish:partUpperY="177" shape="rect" xmi:id="_W.u4M.gKM.yE.eS.jK-UN.p.oDZ.uQ"/><publish:partInfo anchor="#constraintsTable" name="TopicIsBodyMassIndex" publish:ismodellink="false" publish:partLowerX="1325" publish:partLowerY="425" publish:partUpperX="812" publish:partUpperY="369" shape="rect" xmi:id="_EV.pMQH-3E.eO.zEN.pL.s8HI.c.g"/><publish:partInfo name="ResultMustBePositiveAndInKG/M2" publish:ismodellink="false" publish:partLowerX="1169" publish:partLowerY="497" publish:partUpperX="812" publish:partUpperY="441" shape="rect" xmi:id="_.hGI1P.mJ.vE.e.e2PY0OGM.s0S.w"/><publish:partInfo name="InformationEntry" publish:ismodellink="false" publish:partLowerX="681" publish:partLowerY="63" publish:partUpperX="549" publish:partUpperY="21" shape="rect" xmi:id="_8.l.v.uIDK.fE.e.i.d.l.pJU2T.uL.zA"/><publish:partInfo name="ObservationStatement" publish:ismodellink="false" publish:partLowerX="736" publish:partLowerY="355" publish:partUpperX="513" publish:partUpperY="297" shape="rect" xmi:id="_.n.bH1LV.a.eE.d6.rJ7.j.pZ7LBF.g"/><publish:partInfo anchor="#_.hGI1V2J.vE.e.e2PY0OGM.s0S.w" name="value" publish:ismodellink="false" publish:partLowerX="698" publish:partLowerY="456" publish:partUpperX="543" publish:partUpperY="441" shape="rect" xmi:id="_.hGI1P.mJ.vE.e.e2PY0OGM.s0S.w"/><publish:partInfo name="BodyMassIndexFinding" publish:ismodellink="false" publish:partLowerX="708" publish:partLowerY="461" publish:partUpperX="537" publish:partUpperY="417" shape="rect" xmi:id="_.hGI1P.mJ.vE.e.e2PY0OGM.s0S.w"/></contents><packagedElement name="BodyMassIndexFinding" publish:icon="-1701569100_icon.png" publish:qualifiedname="FHIM::DetailedClinicalModels::BodyMassIndex::BodyMassIndexFinding" xmi:id="_.hGI1P.mJ.vE.e.e2PY0OGM.s0S.w" xsi:type="uml:Class"><publish:properties><publish:property canonicalName="Alias" name="Alias" publish:category="UML"/><publish:property canonicalName="classifierBehavior" name="Classifier Behavior" publish:category="UML"/><publish:property canonicalName="isAbstract" name="Is Abstract" publish:category="UML" publish:value="false"/><publish:property canonicalName="isActive" name="Is Active" publish:category="UML" publish:value="false"/><publish:property canonicalName="isLeaf" name="Is Leaf" publish:category="UML" publish:value="false"/><publish:property canonicalName="Keywords" name="Keywords" publish:category="UML"/><publish:property canonicalName="name" name="Name" publish:category="UML" publish:value="BodyMassIndexFinding"/><publish:property canonicalName="nameExpression" name="Name Expression" publish:category="UML"/><publish:property canonicalName="namespace" name="Namespace" publish:category="UML" publish:ismodellink="false" publish:value="BodyMassIndex" xmi:id="_.hGIOAGJ.vE.e.e2PY0OGM.s0S.w"/><publish:property canonicalName="ownedTemplateSignature" name="Owned Template Signature" publish:category="UML"/><publish:property canonicalName="owner" name="Owner" publish:category="UML" publish:ismodellink="false" publish:value="BodyMassIndex" xmi:id="_.hGIOAGJ.vE.e.e2PY0OGM.s0S.w"/><publish:property canonicalName="owningTemplateParameter" name="Owning Template Parameter" publish:category="UML"/><publish:property canonicalName="package" name="Package" publish:category="UML" publish:ismodellink="false" publish:value="BodyMassIndex" xmi:id="_.hGIOAGJ.vE.e.e2PY0OGM.s0S.w"/><publish:property canonicalName="qualifiedName" name="Qualified Name" publish:category="UML" publish:value="FHIM::DetailedClinicalModels::BodyMassIndex::BodyMassIndexFinding"/><publish:property canonicalName="representation" name="Representation" publish:category="UML"/><publish:property canonicalName="Stereotype" name="Stereotype" publish:category="UML"/><publish:property canonicalName="templateParameter" name="Template Parameter" publish:category="UML"/><publish:property canonicalName="visibility" name="Visibility" publish:category="UML" publish:value="Public"/></publish:properties><ancestor name="ObservationStatement" publish:icon="-1701569100_icon.png" publish:qualifiedname="FHIM::ClinicalObservation::ObservationStatement" xmi:id="_.n.bH1LV.a.eE.d6.rJ7.j.pZ7LBF.g" xsi:type="uml:Class"><inheritedAttribute anchor="#_XX-.x.kIF.wE.e.iF.w.eA6NKJQO.g" name="basedOn" publish:icon="115617312_icon.png" publish:qualifiedname="FHIM::ClinicalObservation::ObservationStatement::basedOn" xmi:id="_.n.bH1LV.a.eE.d6.rJ7.j.pZ7LBF.g" xsi:type="uml:Property"/><inheritedAttribute anchor="#_.n.bH1L1.a.eE.d6.rJ7.j.pZ7LBF.g" name="bodySite" publish:icon="115617312_icon.png" publish:qualifiedname="FHIM::ClinicalObservation::ObservationStatement::bodySite" xmi:id="_.n.bH1LV.a.eE.d6.rJ7.j.pZ7LBF.g" xsi:type="uml:Property"/><inheritedAttribute anchor="#_.k.n6.o.wB7OE.e.eR140.u.d.o0.p.bA" name="category" publish:icon="115617312_icon.png" publish:qualifiedname="FHIM::ClinicalObservation::ObservationStatement::category" xmi:id="_.n.bH1LV.a.eE.d6.rJ7.j.pZ7LBF.g" xsi:type="uml:Property"/><inheritedAttribute anchor="#_.l.m5Z.cB-SE.e.e94I.o.vP.w.pK.f.w" name="componentObservation" publish:icon="115617312_icon.png" publish:qualifiedname="FHIM::ClinicalObservation::ObservationStatement::componentObservation" xmi:id="_.n.bH1LV.a.eE.d6.rJ7.j.pZ7LBF.g" xsi:type="uml:Property"/><inheritedAttribute anchor="#_E.pMB8H.y.wE.eSWGIF.kX6Z.y.f.g" name="dataAbsentReason" publish:icon="115617312_icon.png" publish:qualifiedname="FHIM::ClinicalObservation::ObservationStatement::dataAbsentReason" xmi:id="_.n.bH1LV.a.eE.d6.rJ7.j.pZ7LBF.g" xsi:type="uml:Property"/><inheritedAttribute anchor="#_.n.bH1NV.a.eE.d6.rJ7.j.pZ7LBF.g" name="dateTime" publish:icon="115617312_icon.png" publish:qualifiedname="FHIM::ClinicalObservation::ObservationStatement::dateTime" xmi:id="_.n.bH1LV.a.eE.d6.rJ7.j.pZ7LBF.g" xsi:type="uml:Property"/><inheritedAttribute anchor="#_6U_P0B7.nE.e.eR140.u.d.o0.p.bA" name="dateTimeIssued" publish:icon="115617312_icon.png" publish:qualifiedname="FHIM::ClinicalObservation::ObservationStatement::dateTimeIssued" xmi:id="_.n.bH1LV.a.eE.d6.rJ7.j.pZ7LBF.g" xsi:type="uml:Property"/><inheritedAttribute anchor="#_QURJJIF.uE.e.iF.w.eA6NKJQO.g" name="deltaFlag" publish:icon="115617312_icon.png" publish:qualifiedname="FHIM::ClinicalObservation::ObservationStatement::deltaFlag" xmi:id="_.n.bH1LV.a.eE.d6.rJ7.j.pZ7LBF.g" xsi:type="uml:Property"/><inheritedAttribute anchor="#_.u06.oAIF.uE.e.iF.w.eA6NKJQO.g" name="description" publish:icon="115617312_icon.png" publish:qualifiedname="FHIM::ClinicalObservation::ObservationStatement::description" xmi:id="_.n.bH1LV.a.eE.d6.rJ7.j.pZ7LBF.g" xsi:type="uml:Property"/><inheritedAttribute anchor="#_.fVF.sIB7.tE.e.eR140.u.d.o0.p.bA" name="deviceInstance" publish:icon="115617312_icon.png" publish:qualifiedname="FHIM::ClinicalObservation::ObservationStatement::deviceInstance" xmi:id="_.n.bH1LV.a.eE.d6.rJ7.j.pZ7LBF.g" xsi:type="uml:Property"/><inheritedAttribute anchor="#_PK.p3AB.y.bE.eOR-.a0_.xU.g6BQ" name="encounter" publish:icon="115617312_icon.png" publish:qualifiedname="FHIM::ClinicalObservation::ObservationStatement::encounter" xmi:id="_.n.bH1LV.a.eE.d6.rJ7.j.pZ7LBF.g" xsi:type="uml:Property"/><inheritedAttribute anchor="#_.o.cTY.wYF.xE.e.iF.w.eA6NKJQO.g" name="evaluationProcedure" publish:icon="115617312_icon.png" publish:qualifiedname="FHIM::ClinicalObservation::ObservationStatement::evaluationProcedure" xmi:id="_.n.bH1LV.a.eE.d6.rJ7.j.pZ7LBF.g" xsi:type="uml:Property"/><inheritedAttribute anchor="#_.aE.u.l0LN.vE.e.i.oC_3I.yVLSUA" name="exceptionValue" publish:icon="115617312_icon.png" publish:qualifiedname="FHIM::ClinicalObservation::ObservationStatement::exceptionValue" xmi:id="_.n.bH1LV.a.eE.d6.rJ7.j.pZ7LBF.g" xsi:type="uml:Property"/><inheritedAttribute anchor="#_.l45L8B.c.pE.eOL3N.w-.k5H.kN.w" name="interpretationEvent" publish:icon="115617312_icon.png" publish:qualifiedname="FHIM::ClinicalObservation::ObservationStatement::interpretationEvent" xmi:id="_.n.bH1LV.a.eE.d6.rJ7.j.pZ7LBF.g" xsi:type="uml:Property"/><inheritedAttribute anchor="#_.n.bH1Q.l.a.eE.d6.rJ7.j.pZ7LBF.g" name="method" publish:icon="115617312_icon.png" publish:qualifiedname="FHIM::ClinicalObservation::ObservationStatement::method" xmi:id="_.n.bH1LV.a.eE.d6.rJ7.j.pZ7LBF.g" xsi:type="uml:Property"/><inheritedAttribute anchor="#_.u06.oBIF.uE.e.iF.w.eA6NKJQO.g" name="multimedia" publish:icon="115617312_icon.png" publish:qualifiedname="FHIM::ClinicalObservation::ObservationStatement::multimedia" xmi:id="_.n.bH1LV.a.eE.d6.rJ7.j.pZ7LBF.g" xsi:type="uml:Property"/><inheritedAttribute anchor="#_EKV.i4IF.uE.e.iF.w.eA6NKJQO.g" name="observed" publish:icon="115617312_icon.png" publish:qualifiedname="FHIM::ClinicalObservation::ObservationStatement::observed" xmi:id="_.n.bH1LV.a.eE.d6.rJ7.j.pZ7LBF.g" xsi:type="uml:Property"/><inheritedAttribute anchor="#_.qR.z1UB.c.bE.eOL3N.w-.k5H.kN.w" name="observedCharacteristic" publish:icon="115617312_icon.png" publish:qualifiedname="FHIM::ClinicalObservation::ObservationStatement::observedCharacteristic" xmi:id="_.n.bH1LV.a.eE.d6.rJ7.j.pZ7LBF.g" xsi:type="uml:Property"/><inheritedAttribute anchor="#_LYG.wEPDOE.eO_T.e8.vA.bT_YQ" name="referenceRange" publish:icon="115617312_icon.png" publish:qualifiedname="FHIM::ClinicalObservation::ObservationStatement::referenceRange" xmi:id="_.n.bH1LV.a.eE.d6.rJ7.j.pZ7LBF.g" xsi:type="uml:Property"/><inheritedAttribute anchor="#_.n.bH1TF.a.eE.d6.rJ7.j.pZ7LBF.g" name="reliability" publish:icon="115617312_icon.png" publish:qualifiedname="FHIM::ClinicalObservation::ObservationStatement::reliability" xmi:id="_.n.bH1LV.a.eE.d6.rJ7.j.pZ7LBF.g" xsi:type="uml:Property"/><inheritedAttribute anchor="#_GI.b5.cB7ME.e.eR140.u.d.o0.p.bA" name="resultStatus" publish:icon="115617312_icon.png" publish:qualifiedname="FHIM::ClinicalObservation::ObservationStatement::resultStatus" xmi:id="_.n.bH1LV.a.eE.d6.rJ7.j.pZ7LBF.g" xsi:type="uml:Property"/><inheritedAttribute anchor="#_DU4.w.wB7.tE.e.eR140.u.d.o0.p.bA" name="specimen" publish:icon="115617312_icon.png" publish:qualifiedname="FHIM::ClinicalObservation::ObservationStatement::specimen" xmi:id="_.n.bH1LV.a.eE.d6.rJ7.j.pZ7LBF.g" xsi:type="uml:Property"/><inheritedAttribute anchor="#_VCE.nMPOOE.eGMQ.v.y2.b7F.vN.g" name="value" publish:icon="115617312_icon.png" publish:qualifiedname="FHIM::ClinicalObservation::ObservationStatement::value" xmi:id="_.n.bH1LV.a.eE.d6.rJ7.j.pZ7LBF.g" xsi:type="uml:Property"/><inheritedAttribute anchor="#_JKN16IF.xE.e.iF.w.eA6NKJQO.g" name="derivedFrom" publish:icon="115617312_icon.png" publish:qualifiedname="FHIM::ClinicalObservation::ObservationStatement::derivedFrom" xmi:id="_.n.bH1LV.a.eE.d6.rJ7.j.pZ7LBF.g" xsi:type="uml:Property"/><inheritedAttribute anchor="#_.d.j.gDMIF.xE.e.iF.w.eA6NKJQO.g" name="hasMember" publish:icon="115617312_icon.png" publish:qualifiedname="FHIM::ClinicalObservation::ObservationStatement::hasMember" xmi:id="_.n.bH1LV.a.eE.d6.rJ7.j.pZ7LBF.g" xsi:type="uml:Property"/><inheritedAttribute anchor="#_JKN14IF.xE.e.iF.w.eA6NKJQO.g" name="partOf" publish:icon="115617312_icon.png" publish:qualifiedname="FHIM::ClinicalObservation::ObservationStatement::partOf" xmi:id="_.n.bH1LV.a.eE.d6.rJ7.j.pZ7LBF.g" xsi:type="uml:Property"/></ancestor><ancestor name="ClinicalStatement" publish:icon="-1701569100_icon.png" publish:qualifiedname="FHIM::Common::ClinicalStatement" xmi:id="_W.u4M.gKM.yE.eS.jK-UN.p.oDZ.uQ" xsi:type="uml:Class"><inheritedAttribute anchor="#_.yUD.e.oOS.kE.e.aMP8O.h.jV.e.y.r.g" name="clinicalDataSource" publish:icon="115617312_icon.png" publish:qualifiedname="FHIM::Common::ClinicalStatement::clinicalDataSource" xmi:id="_W.u4M.gKM.yE.eS.jK-UN.p.oDZ.uQ" xsi:type="uml:Property"/><inheritedAttribute anchor="#_O.eQTIAXZE.e.e.bQ.s_.lQM5.n6.g" name="comment" publish:icon="115617312_icon.png" publish:qualifiedname="FHIM::Common::ClinicalStatement::comment" xmi:id="_W.u4M.gKM.yE.eS.jK-UN.p.oDZ.uQ" xsi:type="uml:Property"/><inheritedAttribute anchor="#_XO.l.p.cOQ.xE.e.aH9.t35G2.s.n.aA" name="contentVersion" publish:icon="115617312_icon.png" publish:qualifiedname="FHIM::Common::ClinicalStatement::contentVersion" xmi:id="_W.u4M.gKM.yE.eS.jK-UN.p.oDZ.uQ" xsi:type="uml:Property"/><inheritedAttribute anchor="#_.y6-.nED.n0E.e.i.e.f.c.oRQJX.pFA" name="contextCode" publish:icon="115617312_icon.png" publish:qualifiedname="FHIM::Common::ClinicalStatement::contextCode" xmi:id="_W.u4M.gKM.yE.eS.jK-UN.p.oDZ.uQ" xsi:type="uml:Property"/><inheritedAttribute anchor="#_F7.g.cQD.n2E.e.i.e.f.c.oRQJX.pFA" name="encounter" publish:icon="115617312_icon.png" publish:qualifiedname="FHIM::Common::ClinicalStatement::encounter" xmi:id="_W.u4M.gKM.yE.eS.jK-UN.p.oDZ.uQ" xsi:type="uml:Property"/><inheritedAttribute anchor="#_.n.bH1TV.a.eE.d6.rJ7.j.pZ7LBF.g" name="recordStatus" publish:icon="115617312_icon.png" publish:qualifiedname="FHIM::Common::ClinicalStatement::recordStatus" xmi:id="_W.u4M.gKM.yE.eS.jK-UN.p.oDZ.uQ" xsi:type="uml:Property"/><inheritedAttribute anchor="#_A_6W8L.k.xE.eS.vI.b.hH.aIF.eOA" name="relatedClinicalInformation" publish:icon="115617312_icon.png" publish:qualifiedname="FHIM::Common::ClinicalStatement::relatedClinicalInformation" xmi:id="_W.u4M.gKM.yE.eS.jK-UN.p.oDZ.uQ" xsi:type="uml:Property"/><inheritedAttribute anchor="#_.lYI78KM.yE.eS.jK-UN.p.oDZ.uQ" name="sourceRecordType" publish:icon="115617312_icon.png" publish:qualifiedname="FHIM::Common::ClinicalStatement::sourceRecordType" xmi:id="_W.u4M.gKM.yE.eS.jK-UN.p.oDZ.uQ" xsi:type="uml:Property"/><inheritedAttribute anchor="#_V.uE.k4KM0E.eS.jK-UN.p.oDZ.uQ" name="sourceSystem" publish:icon="115617312_icon.png" publish:qualifiedname="FHIM::Common::ClinicalStatement::sourceSystem" xmi:id="_W.u4M.gKM.yE.eS.jK-UN.p.oDZ.uQ" xsi:type="uml:Property"/><inheritedAttribute anchor="#_1.o-BYO.pJE.e.aW.rIJ.dH.o1TM.w" name="subjectOfInformation" publish:icon="115617312_icon.png" publish:qualifiedname="FHIM::Common::ClinicalStatement::subjectOfInformation" xmi:id="_W.u4M.gKM.yE.eS.jK-UN.p.oDZ.uQ" xsi:type="uml:Property"/><inheritedAttribute anchor="#_4.xF.h.kOS.mE.e.aMP8O.h.jV.e.y.r.g" name="subjectOfRecord" publish:icon="115617312_icon.png" publish:qualifiedname="FHIM::Common::ClinicalStatement::subjectOfRecord" xmi:id="_W.u4M.gKM.yE.eS.jK-UN.p.oDZ.uQ" xsi:type="uml:Property"/><inheritedAttribute anchor="#_.y6-.nFD.n0E.e.i.e.f.c.oRQJX.pFA" name="temporalContext" publish:icon="115617312_icon.png" publish:qualifiedname="FHIM::Common::ClinicalStatement::temporalContext" xmi:id="_W.u4M.gKM.yE.eS.jK-UN.p.oDZ.uQ" xsi:type="uml:Property"/><inheritedAttribute anchor="#_.r.gEU.sD.n0E.e.i.e.f.c.oRQJX.pFA" name="topicCode" publish:icon="115617312_icon.png" publish:qualifiedname="FHIM::Common::ClinicalStatement::topicCode" xmi:id="_W.u4M.gKM.yE.eS.jK-UN.p.oDZ.uQ" xsi:type="uml:Property"/><inheritedAttribute anchor="#_R.a07EOQ.xE.e.aH9.t35G2.s.n.aA" name="cosigned" publish:icon="115617312_icon.png" publish:qualifiedname="FHIM::Common::ClinicalStatement::cosigned" xmi:id="_W.u4M.gKM.yE.eS.jK-UN.p.oDZ.uQ" xsi:type="uml:Property"/><inheritedAttribute anchor="#_N.gU0YOQ.xE.e.aH9.t35G2.s.n.aA" name="recorded" publish:icon="115617312_icon.png" publish:qualifiedname="FHIM::Common::ClinicalStatement::recorded" xmi:id="_W.u4M.gKM.yE.eS.jK-UN.p.oDZ.uQ" xsi:type="uml:Property"/><inheritedAttribute anchor="#_N.l.qAUOQ.xE.e.aH9.t35G2.s.n.aA" name="signed" publish:icon="115617312_icon.png" publish:qualifiedname="FHIM::Common::ClinicalStatement::signed" xmi:id="_W.u4M.gKM.yE.eS.jK-UN.p.oDZ.uQ" xsi:type="uml:Property"/><inheritedAttribute anchor="#_-.b.m.yYOS8E.e.aMP8O.h.jV.e.y.r.g" name="verified" publish:icon="115617312_icon.png" publish:qualifiedname="FHIM::Common::ClinicalStatement::verified" xmi:id="_W.u4M.gKM.yE.eS.jK-UN.p.oDZ.uQ" xsi:type="uml:Property"/></ancestor><ancestor name="InformationEntry" publish:icon="-1701569100_icon.png" publish:qualifiedname="FHIM::Common::InformationEntry" xmi:id="_8.l.v.uIDK.fE.e.i.d.l.pJU2T.uL.zA" xsi:type="uml:Class"><inheritedAttribute anchor="#_.n.bH1P1.a.eE.d6.rJ7.j.pZ7LBF.g" name="identifier" publish:icon="115617312_icon.png" publish:qualifiedname="FHIM::Common::InformationEntry::identifier" xmi:id="_8.l.v.uIDK.fE.e.i.d.l.pJU2T.uL.zA" xsi:type="uml:Property"/></ancestor><ownedComment annotatedElement="_.hGI1P.mJ.vE.e.e2PY0OGM.s0S.w" body="The body mass index (BMI) is a value derived from the mass (weight) and height of an individual. The BMI is defined as the body mass divided by the square of the body height, and is universally expressed in units of kg/m2, resulting from mass in kilograms and height in meters. The BMI is an attempt to quantify the amount of tissue mass (muscle, fat, and bone) in an individual, and then categorize that person as underweight, normal weight, overweight, or obese based on that value. It is noted that health risks associated with BMI differ depending on the person's race, so the definition of overweight, obese, etc. may need to be adjusted based on the patient's race. - adapted from wikipedia.&#13;&#10;This class represents an Observation Clinical Statement wherein the Body Mass Index has been Evaluated, which can be used in a variety of other models as if it were a datatype." isDocumentation="true" isURL="false" name="&lt;Unnamed Comment&gt;" publish:icon="-1692003767_icon.png" publish:qualifiedname="FHIM::DetailedClinicalModels::BodyMassIndex::BodyMassIndexFinding::&lt;Comment&gt;" xmi:id="_.hGI1P2J.vE.e.e2PY0OGM.s0S.w" xsi:type="uml:Comment"><publish:properties><publish:property canonicalName="body" name="Body" publish:category="UML" publish:value="The body mass index (BMI) is a value derived from the mass (weight) and height of an individual. The BMI is defined as the body mass divided by the square of the body height, and is universally expressed in units of kg/m2, resulting from mass in kilograms and height in meters. The BMI is an attempt to quantify the amount of tissue mass (muscle, fat, and bone) in an individual, and then categorize that person as underweight, normal weight, overweight, or obese based on that value. It is noted that health risks associated with BMI differ depending on the person's race, so the definition of overweight, obese, etc. may need to be adjusted based on the patient's race. - adapted from wikipedia...."/><publish:property canonicalName="Keywords" name="Keywords" publish:category="UML"/><publish:property canonicalName="owner" name="Owner" publish:category="UML" publish:ismodellink="false" publish:value="BodyMassIndexFinding" xmi:id="_.hGI1P.mJ.vE.e.e2PY0OGM.s0S.w"/><publish:property canonicalName="Stereotype" name="Stereotype" publish:category="UML" publish:value="documentation"/></publish:properties></ownedComment><ownedRule name="ResultMustBePositiveAndInKG/M2" publish:icon="-2033356149_icon.png" publish:qualifiedname="FHIM::DetailedClinicalModels::BodyMassIndex::BodyMassIndexFinding::ResultMustBePositiveAndInKG/M2" xmi:id="_ZJF1MHS_E.e.i.i.x4MS.tZH.fGQ" xsi:type="uml:Constraint"><publish:properties><publish:property canonicalName="Alias" name="Alias" publish:category="UML"/><publish:property canonicalName="context" name="Context" publish:category="UML" publish:ismodellink="false" publish:value="BodyMassIndexFinding" xmi:id="_.hGI1P.mJ.vE.e.e2PY0OGM.s0S.w"/><publish:property canonicalName="Keywords" name="Keywords" publish:category="UML"/><publish:property canonicalName="name" name="Name" publish:category="UML" publish:value="ResultMustBePositiveAndInKG/M2"/><publish:property canonicalName="nameExpression" name="Name Expression" publish:category="UML"/><publish:property canonicalName="namespace" name="Namespace" publish:category="UML" publish:ismodellink="false" publish:value="BodyMassIndexFinding" xmi:id="_.hGI1P.mJ.vE.e.e2PY0OGM.s0S.w"/><publish:property canonicalName="owner" name="Owner" publish:category="UML" publish:ismodellink="false" publish:value="BodyMassIndexFinding" xmi:id="_.hGI1P.mJ.vE.e.e2PY0OGM.s0S.w"/><publish:property canonicalName="owningTemplateParameter" name="Owning Template Parameter" publish:category="UML"/><publish:property canonicalName="qualifiedName" name="Qualified Name" publish:category="UML" publish:value="FHIM::DetailedClinicalModels::BodyMassIndex::BodyMassIndexFinding::ResultMustBePositiveAndInKG/M2"/><publish:property canonicalName="specification" name="Specification" publish:category="UML" publish:nohref="true" publish:value="(self.value.unit.code = 'kg/m2' and self.value.value.literal &gt;= 0.0&#13;&#10;-- need to verify lower limit and add upper limit)"/><publish:property canonicalName="Stereotype" name="Stereotype" publish:category="UML"/><publish:property canonicalName="templateParameter" name="Template Parameter" publish:category="UML"/><publish:property canonicalName="visibility" name="Visibility" publish:category="UML" publish:value="Public"/></publish:properties><specification name="&lt;Unnamed OpaqueExpression&gt;" publish:icon="-1649106119_icon.png" publish:qualifiedname="FHIM::DetailedClinicalModels::BodyMassIndex::BodyMassIndexFinding::ResultMustBePositiveAndInKG/M2::&lt;OpaqueExpression&gt;" xmi:id="_ZJF1MXS_E.e.i.i.x4MS.tZH.fGQ" xsi:type="uml:OpaqueExpression"><publish:properties><publish:property canonicalName="Alias" name="Alias" publish:category="UML"/><publish:property canonicalName="behavior" name="Behavior" publish:category="UML"/><publish:property canonicalName="body" name="Body" publish:category="UML" publish:value="self.value.unit.code = 'kg/m2' and self.value.value.literal &gt;= 0.0..."/><publish:property canonicalName="Keywords" name="Keywords" publish:category="UML"/><publish:property canonicalName="language" name="Language" publish:category="UML" publish:value="OCL"/><publish:property canonicalName="name" name="Name" publish:category="UML"/><publish:property canonicalName="nameExpression" name="Name Expression" publish:category="UML"/><publish:property canonicalName="namespace" name="Namespace" publish:category="UML"/><publish:property canonicalName="owner" name="Owner" publish:category="UML" publish:ismodellink="false" publish:value="ResultMustBePositiveAndInKG/M2" xmi:id="_.hGI1P.mJ.vE.e.e2PY0OGM.s0S.w"/><publish:property canonicalName="owningTemplateParameter" name="Owning Template Parameter" publish:category="UML"/><publish:property canonicalName="qualifiedName" name="Qualified Name" publish:category="UML"/><publish:property canonicalName="result" name="Result" publish:category="UML"/><publish:property canonicalName="Stereotype" name="Stereotype" publish:category="UML"/><publish:property canonicalName="templateParameter" name="Template Parameter" publish:category="UML"/><publish:property canonicalName="type" name="Type" publish:category="UML"/><publish:property canonicalName="visibility" name="Visibility" publish:category="UML" publish:value="Public"/></publish:properties></specification></ownedRule><ownedRule body="self.topicCode.codeSystem.codeSystemName = 'LOINC' and self.topicCode.code = '39156-5'&#13;&#10;-- Body mass index" constrainedElement="_EV.pMQH-3E.eO.zEN.pL.s8HI.c.g" name="TopicIsBodyMassIndex" publish:icon="-2033356149_icon.png" publish:qualifiedname="FHIM::DetailedClinicalModels::BodyMassIndex::BodyMassIndexFinding::TopicIsBodyMassIndex" xmi:id="_ZJF1M.nS_E.e.i.i.x4MS.tZH.fGQ" xsi:type="uml:Constraint"><publish:properties><publish:property canonicalName="Alias" name="Alias" publish:category="UML"/><publish:property canonicalName="context" name="Context" publish:category="UML" publish:ismodellink="false" publish:value="BodyMassIndexFinding" xmi:id="_.hGI1P.mJ.vE.e.e2PY0OGM.s0S.w"/><publish:property canonicalName="Keywords" name="Keywords" publish:category="UML"/><publish:property canonicalName="name" name="Name" publish:category="UML" publish:value="TopicIsBodyMassIndex"/><publish:property canonicalName="nameExpression" name="Name Expression" publish:category="UML"/><publish:property canonicalName="namespace" name="Namespace" publish:category="UML" publish:ismodellink="false" publish:value="BodyMassIndexFinding" xmi:id="_.hGI1P.mJ.vE.e.e2PY0OGM.s0S.w"/><publish:property canonicalName="owner" name="Owner" publish:category="UML" publish:ismodellink="false" publish:value="BodyMassIndexFinding" xmi:id="_.hGI1P.mJ.vE.e.e2PY0OGM.s0S.w"/><publish:property canonicalName="owningTemplateParameter" name="Owning Template Parameter" publish:category="UML"/><publish:property canonicalName="qualifiedName" name="Qualified Name" publish:category="UML" publish:value="FHIM::DetailedClinicalModels::BodyMassIndex::BodyMassIndexFinding::TopicIsBodyMassIndex"/><publish:property canonicalName="specification" name="Specification" publish:category="UML" publish:nohref="true" publish:value="(self.topicCode.codeSystem.codeSystemName = 'LOINC' and self.topicCode.code = '39156-5'&#13;&#10;-- Body mass index)"/><publish:property canonicalName="Stereotype" name="Stereotype" publish:category="UML"/><publish:property canonicalName="templateParameter" name="Template Parameter" publish:category="UML"/><publish:property canonicalName="visibility" name="Visibility" publish:category="UML" publish:value="Public"/></publish:properties><specification name="&lt;Unnamed OpaqueExpression&gt;" publish:icon="-1649106119_icon.png" publish:qualifiedname="FHIM::DetailedClinicalModels::BodyMassIndex::BodyMassIndexFinding::TopicIsBodyMassIndex::&lt;OpaqueExpression&gt;" xmi:id="_ZJF1M3S_E.e.i.i.x4MS.tZH.fGQ" xsi:type="uml:OpaqueExpression"><publish:properties><publish:property canonicalName="Alias" name="Alias" publish:category="UML"/><publish:property canonicalName="behavior" name="Behavior" publish:category="UML"/><publish:property canonicalName="body" name="Body" publish:category="UML" publish:value="self.topicCode.codeSystem.codeSystemName = 'LOINC' and self.topicCode.code = '39156-5'..."/><publish:property canonicalName="Keywords" name="Keywords" publish:category="UML"/><publish:property canonicalName="language" name="Language" publish:category="UML" publish:value="OCL"/><publish:property canonicalName="name" name="Name" publish:category="UML"/><publish:property canonicalName="nameExpression" name="Name Expression" publish:category="UML"/><publish:property canonicalName="namespace" name="Namespace" publish:category="UML"/><publish:property anchor="#constraintsTable" canonicalName="owner" name="Owner" publish:category="UML" publish:ismodellink="false" publish:value="TopicIsBodyMassIndex" xmi:id="_EV.pMQH-3E.eO.zEN.pL.s8HI.c.g"/><publish:property canonicalName="owningTemplateParameter" name="Owning Template Parameter" publish:category="UML"/><publish:property canonicalName="qualifiedName" name="Qualified Name" publish:category="UML"/><publish:property canonicalName="result" name="Result" publish:category="UML"/><publish:property canonicalName="Stereotype" name="Stereotype" publish:category="UML"/><publish:property canonicalName="templateParameter" name="Template Parameter" publish:category="UML"/><publish:property canonicalName="type" name="Type" publish:category="UML"/><publish:property canonicalName="visibility" name="Visibility" publish:category="UML" publish:value="Public"/></publish:properties></specification></ownedRule><generalization name="&lt;Unnamed Generalization&gt;" publish:icon="844288606_icon.png" publish:qualifiedname="FHIM::DetailedClinicalModels::BodyMassIndex::BodyMassIndexFinding::&lt;Generalization&gt;" xmi:id="_RK8S4HS_E.e.i.i.x4MS.tZH.fGQ" xsi:type="uml:Generalization"><publish:properties><publish:property canonicalName="general" name="General" publish:category="UML" publish:ismodellink="false" publish:value="«CIMI_EvaluationResultRecorded» ObservationStatement" xmi:id="_.n.bH1LV.a.eE.d6.rJ7.j.pZ7LBF.g"/><publish:property canonicalName="isSubstitutable" name="Is Substitutable" publish:category="UML" publish:value="true"/><publish:property canonicalName="Keywords" name="Keywords" publish:category="UML"/><publish:property canonicalName="owner" name="Owner" publish:category="UML" publish:ismodellink="false" publish:value="BodyMassIndexFinding" xmi:id="_.hGI1P.mJ.vE.e.e2PY0OGM.s0S.w"/><publish:property canonicalName="specific" name="Specific" publish:category="UML" publish:ismodellink="false" publish:value="BodyMassIndexFinding" xmi:id="_.hGI1P.mJ.vE.e.e2PY0OGM.s0S.w"/><publish:property canonicalName="Stereotype" name="Stereotype" publish:category="UML"/></publish:properties></generalization><ownedAttribute name="value" publish:icon="115617312_icon.png" publish:qualifiedname="FHIM::DetailedClinicalModels::BodyMassIndex::BodyMassIndexFinding::value" publish:type="Quantity" xmi:id="_.hGI1V2J.vE.e.e2PY0OGM.s0S.w" xsi:type="uml:Property"><publish:properties><publish:property canonicalName="aggregation" name="Aggregation" publish:category="UML" publish:value="None"/><publish:property canonicalName="Alias" name="Alias" publish:category="UML"/><publish:property canonicalName="association" name="Association" publish:category="UML"/><publish:property canonicalName="associationEnd" name="Association End" publish:category="UML"/><publish:property canonicalName="class" name="Class" publish:category="UML" publish:ismodellink="false" publish:value="BodyMassIndexFinding" xmi:id="_.hGI1P.mJ.vE.e.e2PY0OGM.s0S.w"/><publish:property canonicalName="datatype" name="Datatype" publish:category="UML"/><publish:property canonicalName="default" name="Default" publish:category="UML"/><publish:property canonicalName="defaultValue" name="Default Value" publish:category="UML"/><publish:property canonicalName="isComposite" name="Is Composite" publish:category="UML" publish:value="false"/><publish:property canonicalName="isDerived" name="Is Derived" publish:category="UML" publish:value="false"/><publish:property canonicalName="isDerivedUnion" name="Is Derived Union" publish:category="UML" publish:value="false"/><publish:property canonicalName="isLeaf" name="Is Leaf" publish:category="UML" publish:value="false"/><publish:property canonicalName="isOrdered" name="Is Ordered" publish:category="UML" publish:value="false"/><publish:property canonicalName="isReadOnly" name="Is Read Only" publish:category="UML" publish:value="false"/><publish:property canonicalName="isStatic" name="Is Static" publish:category="UML" publish:value="false"/><publish:property canonicalName="isUnique" name="Is Unique" publish:category="UML" publish:value="true"/><publish:property canonicalName="Keywords" name="Keywords" publish:category="UML" publish:value="redefine"/><publish:property canonicalName="lower" name="Lower" publish:category="UML" publish:value="1"/><publish:property canonicalName="lowerValue" name="Lower Value" publish:category="UML" publish:nohref="true" publish:value="(1)"/><publish:property canonicalName="Multiplicity" name="Multiplicity" publish:category="UML" publish:value="1"/><publish:property canonicalName="name" name="Name" publish:category="UML" publish:value="value"/><publish:property canonicalName="nameExpression" name="Name Expression" publish:category="UML"/><publish:property canonicalName="namespace" name="Namespace" publish:category="UML" publish:ismodellink="false" publish:value="BodyMassIndexFinding" xmi:id="_.hGI1P.mJ.vE.e.e2PY0OGM.s0S.w"/><publish:property canonicalName="opposite" name="Opposite" publish:category="UML"/><publish:property canonicalName="owner" name="Owner" publish:category="UML" publish:ismodellink="false" publish:value="BodyMassIndexFinding" xmi:id="_.hGI1P.mJ.vE.e.e2PY0OGM.s0S.w"/><publish:property canonicalName="owningAssociation" name="Owning Association" publish:category="UML"/><publish:property canonicalName="owningTemplateParameter" name="Owning Template Parameter" publish:category="UML"/><publish:property canonicalName="qualifiedName" name="Qualified Name" publish:category="UML" publish:value="FHIM::DetailedClinicalModels::BodyMassIndex::BodyMassIndexFinding::value"/><publish:property canonicalName="Stereotype" name="Stereotype" publish:category="UML"/><publish:property canonicalName="templateParameter" name="Template Parameter" publish:category="UML"/><publish:property canonicalName="type" name="Type" publish:category="UML" publish:ismodellink="false" publish:value="«PQ» Quantity" xmi:id="_420A62FD03B641886F630221"/><publish:property canonicalName="upper" name="Upper" publish:category="UML" publish:value="1"/><publish:property canonicalName="upperValue" name="Upper Value" publish:category="UML" publish:nohref="true" publish:value="(1)"/><publish:property canonicalName="visibility" name="Visibility" publish:category="UML" publish:value="Public"/></publish:properties><ownedComment annotatedElement="_.hGI1V2J.vE.e.e2PY0OGM.s0S.w" body="The body mass index (BMI) is a value derived from the mass (weight) and height of an individual. The BMI is defined as the body mass (in kilograms) divided by the square of the body height (in meters), and is universally expressed in units of kg/m2.&#13;&#10;This property redefines the inherited Observation.value property so that it is of type Quantity rather than an Any. In addition, a constraint is added that sets the unit of measure to kg/m2. Note that while conceptually, BMI is a ratio (weight / height^2), we've modeled this as a quantity because there is a UCUM unit of kg/m2, and it is treated as a number." isDocumentation="true" isURL="false" name="&lt;Unnamed Comment&gt;" publish:icon="-1692003767_icon.png" publish:qualifiedname="FHIM::DetailedClinicalModels::BodyMassIndex::BodyMassIndexFinding::value::&lt;Comment&gt;" xmi:id="_.hGI1WGJ.vE.e.e2PY0OGM.s0S.w" xsi:type="uml:Comment"><publish:properties><publish:property canonicalName="body" name="Body" publish:category="UML" publish:value="The body mass index (BMI) is a value derived from the mass (weight) and height of an individual. The BMI is defined as the body mass (in kilograms) divided by the square of the body height (in meters), and is universally expressed in units of kg/m2...."/><publish:property canonicalName="Keywords" name="Keywords" publish:category="UML"/><publish:property anchor="#_.hGI1V2J.vE.e.e2PY0OGM.s0S.w" canonicalName="owner" name="Owner" publish:category="UML" publish:ismodellink="false" publish:value="«redefine» value" xmi:id="_.hGI1P.mJ.vE.e.e2PY0OGM.s0S.w"/><publish:property canonicalName="Stereotype" name="Stereotype" publish:category="UML" publish:value="documentation"/></publish:properties></ownedComment><upperValue name="&lt;Unnamed LiteralUnlimitedNatural&gt;" publish:icon="-860458658_icon.png" publish:qualifiedname="FHIM::DetailedClinicalModels::BodyMassIndex::BodyMassIndexFinding::value::&lt;LiteralUnlimitedNatural&gt;" xmi:id="_.hGI1WWJ.vE.e.e2PY0OGM.s0S.w" xsi:type="uml:LiteralUnlimitedNatural"><publish:properties><publish:property canonicalName="Alias" name="Alias" publish:category="UML"/><publish:property canonicalName="Keywords" name="Keywords" publish:category="UML"/><publish:property canonicalName="name" name="Name" publish:category="UML"/><publish:property canonicalName="nameExpression" name="Name Expression" publish:category="UML"/><publish:property canonicalName="namespace" name="Namespace" publish:category="UML"/><publish:property anchor="#_.hGI1V2J.vE.e.e2PY0OGM.s0S.w" canonicalName="owner" name="Owner" publish:category="UML" publish:ismodellink="false" publish:value="«redefine» value" xmi:id="_.hGI1P.mJ.vE.e.e2PY0OGM.s0S.w"/><publish:property canonicalName="owningTemplateParameter" name="Owning Template Parameter" publish:category="UML"/><publish:property canonicalName="qualifiedName" name="Qualified Name" publish:category="UML"/><publish:property canonicalName="Stereotype" name="Stereotype" publish:category="UML"/><publish:property canonicalName="templateParameter" name="Template Parameter" publish:category="UML"/><publish:property canonicalName="type" name="Type" publish:category="UML"/><publish:property canonicalName="value" name="Value" publish:category="UML" publish:value="1"/><publish:property canonicalName="visibility" name="Visibility" publish:category="UML" publish:value="Public"/></publish:properties></upperValue><lowerValue name="&lt;Unnamed LiteralInteger&gt;" publish:icon="-1607065069_icon.png" publish:qualifiedname="FHIM::DetailedClinicalModels::BodyMassIndex::BodyMassIndexFinding::value::&lt;LiteralInteger&gt;" xmi:id="_.hGI1W.mJ.vE.e.e2PY0OGM.s0S.w" xsi:type="uml:LiteralInteger"><publish:properties><publish:property canonicalName="Alias" name="Alias" publish:category="UML"/><publish:property canonicalName="Keywords" name="Keywords" publish:category="UML"/><publish:property canonicalName="name" name="Name" publish:category="UML"/><publish:property canonicalName="nameExpression" name="Name Expression" publish:category="UML"/><publish:property canonicalName="namespace" name="Namespace" publish:category="UML"/><publish:property anchor="#_.hGI1V2J.vE.e.e2PY0OGM.s0S.w" canonicalName="owner" name="Owner" publish:category="UML" publish:ismodellink="false" publish:value="«redefine» value" xmi:id="_.hGI1P.mJ.vE.e.e2PY0OGM.s0S.w"/><publish:property canonicalName="owningTemplateParameter" name="Owning Template Parameter" publish:category="UML"/><publish:property canonicalName="qualifiedName" name="Qualified Name" publish:category="UML"/><publish:property canonicalName="Stereotype" name="Stereotype" publish:category="UML"/><publish:property canonicalName="templateParameter" name="Template Parameter" publish:category="UML"/><publish:property canonicalName="type" name="Type" publish:category="UML"/><publish:property canonicalName="value" name="Value" publish:category="UML" publish:value="1"/><publish:property canonicalName="visibility" name="Visibility" publish:category="UML" publish:value="Public"/></publish:properties></lowerValue></ownedAttribute></packagedElement></packagedElement>