<?xml version="1.0" encoding="UTF-8"?><packagedElement name="Height" xmlns:publish="http://www.ibm.com/Rational/XTools/Publish" publish:diagramFormat="PNG" publish:icon="838931247_icon.png" publish:modelname="FHIM" publish:qualifiedname="FHIM::VitalSigns::Height" publish:sortOrder="storage" publish:toplevelguid="420A62FD03B6" xmlns:xmi="http://www.omg.org/XMI" xmi:id="_.jP.n.x.sI.d5E.eOZ2.vW3W.fDP5Q" xmi:version="2.0" xmlns:com.ibm.xtools.notation="http:///com/ibm/xtools/notation.ecore" xmlns:uml="http://www.eclipse.org/uml2/1.0.0/UML" xmlns:xsi="http://www.w3.org/2001/XMLSchema-instance" xsi:type="uml:Package"><publish:properties><publish:property canonicalName="Alias" name="Alias" publish:category="UML"/><publish:property canonicalName="Keywords" name="Keywords" publish:category="UML"/><publish:property canonicalName="name" name="Name" publish:category="UML" publish:value="Height"/><publish:property canonicalName="nameExpression" name="Name Expression" publish:category="UML"/><publish:property canonicalName="namespace" name="Namespace" publish:category="UML" publish:ismodellink="false" publish:value="VitalSigns" xmi:id="_420A62FD03B6418CFFCD01B6"/><publish:property canonicalName="nestingPackage" name="Nesting Package" publish:category="UML" publish:ismodellink="false" publish:value="VitalSigns" xmi:id="_420A62FD03B6418CFFCD01B6"/><publish:property canonicalName="ownedTemplateSignature" name="Owned Template Signature" publish:category="UML"/><publish:property canonicalName="owner" name="Owner" publish:category="UML" publish:ismodellink="false" publish:value="VitalSigns" xmi:id="_420A62FD03B6418CFFCD01B6"/><publish:property canonicalName="owningTemplateParameter" name="Owning Template Parameter" publish:category="UML"/><publish:property canonicalName="qualifiedName" name="Qualified Name" publish:category="UML" publish:value="FHIM::VitalSigns::Height"/><publish:property canonicalName="Stereotype" name="Stereotype" publish:category="UML"/><publish:property canonicalName="templateParameter" name="Template Parameter" publish:category="UML"/><publish:property canonicalName="visibility" name="Visibility" publish:category="UML" publish:value="Public"/></publish:properties><contents Type="Class" isDefault="true" name="VitalSignsHeight" publish:icon="-494644613_icon.png" publish:imageType="PNG" publish:qualifiedname="FHIM::VitalSigns::Height::VitalSignsHeight" xmi:id="_.jP.n.x.s.o.d5E.eOZ2.vW3W.fDP5Q" xsi:type="notation:Diagram"><publish:properties><publish:property canonicalName="description" name="Description" publish:category="View"/><publish:property canonicalName="graphLayout" name="Graph Layout" publish:category="View" publish:value="VerticalOrthogonalHierarchical"/><publish:property canonicalName="labelLayout" name="Label Layout" publish:category="View" publish:value="None"/><publish:property canonicalName="linkLayout" name="Link Layout" publish:category="View" publish:value="None"/><publish:property canonicalName="measurementUnit" name="Measurement Unit" publish:category="View" publish:value="Himetric"/><publish:property canonicalName="name" name="Name" publish:category="View" publish:value="VitalSignsHeight"/><publish:property canonicalName="pageHeight" name="Page Height" publish:category="View" publish:value="100"/><publish:property canonicalName="pageWidth" name="Page Width" publish:category="View" publish:value="100"/><publish:property canonicalName="pageX" name="Page X" publish:category="View" publish:value="0"/><publish:property canonicalName="pageY" name="Page Y" publish:category="View" publish:value="0"/><publish:property canonicalName="styles" name="Styles" publish:category="View"/><publish:property canonicalName="useAliasName" name="Use Alias Name" publish:category="View" publish:value="false"/></publish:properties><publish:partInfo anchor="#_4.xF.h.kOS.mE.e.aMP8O.h.jV.e.y.r.g" name="subjectOfRecord" publish:ismodellink="false" publish:partLowerX="0" publish:partLowerY="0" publish:partUpperX="0" publish:partUpperY="0" shape="rect" xmi:id="_W.u4M.gKM.yE.eS.jK-UN.p.oDZ.uQ"/><publish:partInfo anchor="#_4.xH90OS.mE.e.aMP8O.h.jV.e.y.r.g" name="Property" publish:ismodellink="false" publish:partLowerX="0" publish:partLowerY="0" publish:partUpperX="0" publish:partUpperY="0" shape="rect" xmi:id="_4.xD.sYOS.mE.e.aMP8O.h.jV.e.y.r.g"/><publish:partInfo anchor="#_4.xF.h.kOS.mE.e.aMP8O.h.jV.e.y.r.g" name="subjectOfRecord" publish:ismodellink="false" publish:partLowerX="0" publish:partLowerY="0" publish:partUpperX="0" publish:partUpperY="0" shape="rect" xmi:id="_W.u4M.gKM.yE.eS.jK-UN.p.oDZ.uQ"/><publish:partInfo anchor="#_4.xH90OS.mE.e.aMP8O.h.jV.e.y.r.g" name="Property" publish:ismodellink="false" publish:partLowerX="0" publish:partLowerY="0" publish:partUpperX="0" publish:partUpperY="0" shape="rect" xmi:id="_4.xD.sYOS.mE.e.aMP8O.h.jV.e.y.r.g"/><publish:partInfo anchor="#_4.xF.h.kOS.mE.e.aMP8O.h.jV.e.y.r.g" name="subjectOfRecord" publish:ismodellink="false" publish:partLowerX="645" publish:partLowerY="181" publish:partUpperX="537" publish:partUpperY="166" shape="rect" xmi:id="_W.u4M.gKM.yE.eS.jK-UN.p.oDZ.uQ"/><publish:partInfo anchor="#_4.xF.h.kOS.mE.e.aMP8O.h.jV.e.y.r.g" name="subjectOfRecord" publish:ismodellink="false" publish:partLowerX="626" publish:partLowerY="211" publish:partUpperX="604" publish:partUpperY="196" shape="rect" xmi:id="_W.u4M.gKM.yE.eS.jK-UN.p.oDZ.uQ"/><publish:partInfo anchor="#_4.xH90OS.mE.e.aMP8O.h.jV.e.y.r.g" name="Property" publish:ismodellink="false" publish:partLowerX="0" publish:partLowerY="0" publish:partUpperX="0" publish:partUpperY="0" shape="rect" xmi:id="_4.xD.sYOS.mE.e.aMP8O.h.jV.e.y.r.g"/><publish:partInfo anchor="#_4.xH90OS.mE.e.aMP8O.h.jV.e.y.r.g" name="Property" publish:ismodellink="false" publish:partLowerX="0" publish:partLowerY="0" publish:partUpperX="0" publish:partUpperY="0" shape="rect" xmi:id="_4.xD.sYOS.mE.e.aMP8O.h.jV.e.y.r.g"/><publish:partInfo name="clinicalStatement_subjectOfRecord" publish:ismodellink="false" publish:partLowerX="0" publish:partLowerY="0" publish:partUpperX="0" publish:partUpperY="0" shape="rect" xmi:id="_4.xD.sYOS.mE.e.aMP8O.h.jV.e.y.r.g"/><publish:partInfo coords="456,184,643,184,643,194,456,194,456,184" name="clinicalStatement_subjectOfRecord" publish:ismodellink="false" shape="poly" xmi:id="_4.xD.sYOS.mE.e.aMP8O.h.jV.e.y.r.g"/><publish:partInfo name="Generalization" publish:ismodellink="false" publish:partLowerX="0" publish:partLowerY="0" publish:partUpperX="0" publish:partUpperY="0" shape="rect" xmi:id="__8.cJ.oIF.uE.e.iF.w.eA6NKJQO.g"/><publish:partInfo coords="376,333,376,204,386,204,386,333,376,333" name="Generalization" publish:ismodellink="false" shape="poly" xmi:id="__8.cJ.oIF.uE.e.iF.w.eA6NKJQO.g"/><publish:partInfo name="Generalization" publish:ismodellink="false" publish:partLowerX="0" publish:partLowerY="0" publish:partUpperX="0" publish:partUpperY="0" shape="rect" xmi:id="_A.wCRYDK.tE.e.i.d.l.pJU2T.uL.zA"/><publish:partInfo coords="381,165,381,84,391,84,391,165,381,165" name="Generalization" publish:ismodellink="false" shape="poly" xmi:id="_A.wCRYDK.tE.e.i.d.l.pJU2T.uL.zA"/><publish:partInfo name="Dependency" publish:ismodellink="false" publish:partLowerX="0" publish:partLowerY="0" publish:partUpperX="0" publish:partUpperY="0" shape="rect" xmi:id="_AP.g.nMHP.oE.e.iV16B.d.s.fE5.oQ"/><publish:partInfo coords="411,809,465,856,458,864,405,817,411,809" name="Dependency" publish:ismodellink="false" shape="poly" xmi:id="_AP.g.nMHP.oE.e.iV16B.d.s.fE5.oQ"/><publish:partInfo name="Dependency" publish:ismodellink="false" publish:partLowerX="0" publish:partLowerY="0" publish:partUpperX="0" publish:partUpperY="0" shape="rect" xmi:id="_-7.vQAHPYE.e.iV16B.d.s.fE5.oQ"/><publish:partInfo coords="338,816,296,863,289,857,331,810,338,816" name="Dependency" publish:ismodellink="false" shape="poly" xmi:id="_-7.vQAHPYE.e.iV16B.d.s.fE5.oQ"/><publish:partInfo name="Generalization" publish:ismodellink="false" publish:partLowerX="0" publish:partLowerY="0" publish:partUpperX="0" publish:partUpperY="0" shape="rect" xmi:id="_.jP.o_4Y.d5E.eOZ2.vW3W.fDP5Q"/><publish:partInfo coords="364,740,364,676,374,676,374,740,364,740" name="Generalization" publish:ismodellink="false" shape="poly" xmi:id="_.jP.o_4Y.d5E.eOZ2.vW3W.fDP5Q"/><publish:partInfo anchor="#_9.yP.mIH-1E.eO.zEN.pL.s8HI.c.g" name="observation" publish:ismodellink="false" publish:partLowerX="0" publish:partLowerY="0" publish:partUpperX="0" publish:partUpperY="0" shape="rect" xmi:id="_.sX.pX.gH-1E.eO.zEN.pL.s8HI.c.g"/><publish:partInfo anchor="#_9.ySCYH-1E.eO.zEN.pL.s8HI.c.g" name="Property" publish:ismodellink="false" publish:partLowerX="0" publish:partLowerY="0" publish:partUpperX="0" publish:partUpperY="0" shape="rect" xmi:id="_9.yM.i0H-1E.eO.zEN.pL.s8HI.c.g"/><publish:partInfo anchor="#_9.yP.mIH-1E.eO.zEN.pL.s8HI.c.g" name="observation" publish:ismodellink="false" publish:partLowerX="0" publish:partLowerY="0" publish:partUpperX="0" publish:partUpperY="0" shape="rect" xmi:id="_.sX.pX.gH-1E.eO.zEN.pL.s8HI.c.g"/><publish:partInfo anchor="#_9.ySCYH-1E.eO.zEN.pL.s8HI.c.g" name="Property" publish:ismodellink="false" publish:partLowerX="0" publish:partLowerY="0" publish:partUpperX="0" publish:partUpperY="0" shape="rect" xmi:id="_9.yM.i0H-1E.eO.zEN.pL.s8HI.c.g"/><publish:partInfo anchor="#_9.yP.mIH-1E.eO.zEN.pL.s8HI.c.g" name="observation" publish:ismodellink="false" publish:partLowerX="293" publish:partLowerY="303" publish:partUpperX="216" publish:partUpperY="288" shape="rect" xmi:id="_.sX.pX.gH-1E.eO.zEN.pL.s8HI.c.g"/><publish:partInfo anchor="#_9.yP.mIH-1E.eO.zEN.pL.s8HI.c.g" name="observation" publish:ismodellink="false" publish:partLowerX="232" publish:partLowerY="319" publish:partUpperX="227" publish:partUpperY="304" shape="rect" xmi:id="_.sX.pX.gH-1E.eO.zEN.pL.s8HI.c.g"/><publish:partInfo anchor="#_9.ySCYH-1E.eO.zEN.pL.s8HI.c.g" name="Property" publish:ismodellink="false" publish:partLowerX="0" publish:partLowerY="0" publish:partUpperX="0" publish:partUpperY="0" shape="rect" xmi:id="_9.yM.i0H-1E.eO.zEN.pL.s8HI.c.g"/><publish:partInfo anchor="#_9.ySCYH-1E.eO.zEN.pL.s8HI.c.g" name="Property" publish:ismodellink="false" publish:partLowerX="0" publish:partLowerY="0" publish:partUpperX="0" publish:partUpperY="0" shape="rect" xmi:id="_9.yM.i0H-1E.eO.zEN.pL.s8HI.c.g"/><publish:partInfo name="vitalSignsObservationList_observation" publish:ismodellink="false" publish:partLowerX="0" publish:partLowerY="0" publish:partUpperX="0" publish:partUpperY="0" shape="rect" xmi:id="_9.yM.i0H-1E.eO.zEN.pL.s8HI.c.g"/><publish:partInfo coords="142,139,265,330,257,336,133,144,142,139" name="vitalSignsObservationList_observation" publish:ismodellink="false" shape="poly" xmi:id="_9.yM.i0H-1E.eO.zEN.pL.s8HI.c.g"/><publish:partInfo anchor="#_420A62FD03B6424898A200CA" name="status" publish:ismodellink="false" publish:partLowerX="821" publish:partLowerY="247" publish:partUpperX="650" publish:partUpperY="232" shape="rect" xmi:id="_420A62FD03B6418A4E500034"/><publish:partInfo anchor="#_420A62FD03B6422B959E03BD" name="patientId" publish:ismodellink="false" publish:partLowerX="821" publish:partLowerY="231" publish:partUpperX="650" publish:partUpperY="216" shape="rect" xmi:id="_420A62FD03B6418A4E500034"/><publish:partInfo anchor="#_VL1.fMN.rKE.d-.fKY5.d.gJ.o.x.iA" name="mothersIdentifier" publish:ismodellink="false" publish:partLowerX="821" publish:partLowerY="215" publish:partUpperX="650" publish:partUpperY="200" shape="rect" xmi:id="_420A62FD03B6418A4E500034"/><publish:partInfo anchor="#_8.a5VAN.g.hE.eG3E4.m.t6RKX5Q" name="endDate" publish:ismodellink="false" publish:partLowerX="821" publish:partLowerY="199" publish:partUpperX="650" publish:partUpperY="184" shape="rect" xmi:id="_420A62FD03B6418A4E500034"/><publish:partInfo anchor="#_2-.a.eMN.g.hE.eG3E4.m.t6RKX5Q" name="beginDate" publish:ismodellink="false" publish:partLowerX="821" publish:partLowerY="183" publish:partUpperX="650" publish:partUpperY="168" shape="rect" xmi:id="_420A62FD03B6418A4E500034"/><publish:partInfo name="Patient" publish:ismodellink="false" publish:partLowerX="830" publish:partLowerY="252" publish:partUpperX="643" publish:partUpperY="129" shape="rect" xmi:id="_420A62FD03B6418A4E500034"/><publish:partInfo name="ClinicalStatement" publish:ismodellink="false" publish:partLowerX="458" publish:partLowerY="207" publish:partUpperX="321" publish:partUpperY="165" shape="rect" xmi:id="_W.u4M.gKM.yE.eS.jK-UN.p.oDZ.uQ"/><publish:partInfo anchor="#constraintsTable" name="TopicIsHeight" publish:ismodellink="false" publish:partLowerX="1191" publish:partLowerY="771" publish:partUpperX="680" publish:partUpperY="716" shape="rect" xmi:id="_EV.pMQH-3E.eO.zEN.pL.s8HI.c.g"/><publish:partInfo anchor="#constraintsTable" name="ValueIsHeight" publish:ismodellink="false" publish:partLowerX="1231" publish:partLowerY="871" publish:partUpperX="680" publish:partUpperY="800" shape="rect" xmi:id="_EV.pMQH-3E.eO.zEN.pL.s8HI.c.g"/><publish:partInfo anchor="#_G4.rT.kHP.oE.e.iV16B.d.s.fE5.oQ" name="bodyPositionQualifier" publish:ismodellink="false" publish:partLowerX="465" publish:partLowerY="811" publish:partUpperX="268" publish:partUpperY="796" shape="rect" xmi:id="_.jP.o_4I.d5E.eOZ2.vW3W.fDP5Q"/><publish:partInfo anchor="#_.jP.o_9Y.d5E.eOZ2.vW3W.fDP5Q" name="value" publish:ismodellink="false" publish:partLowerX="465" publish:partLowerY="795" publish:partUpperX="268" publish:partUpperY="780" shape="rect" xmi:id="_.jP.o_4I.d5E.eOZ2.vW3W.fDP5Q"/><publish:partInfo anchor="#_.u-71EHPYE.e.iV16B.d.s.fE5.oQ" name="method" publish:ismodellink="false" publish:partLowerX="465" publish:partLowerY="779" publish:partUpperX="268" publish:partUpperY="764" shape="rect" xmi:id="_.jP.o_4I.d5E.eOZ2.vW3W.fDP5Q"/><publish:partInfo name="HeightObservation" publish:ismodellink="false" publish:partLowerX="474" publish:partLowerY="816" publish:partUpperX="261" publish:partUpperY="740" shape="rect" xmi:id="_.jP.o_4I.d5E.eOZ2.vW3W.fDP5Q"/><publish:partInfo name="VitalSignsObservationList" publish:ismodellink="false" publish:partLowerX="220" publish:partLowerY="144" publish:partUpperX="33" publish:partUpperY="105" shape="rect" xmi:id="_.sX.pX.gH-1E.eO.zEN.pL.s8HI.c.g"/><publish:partInfo name="InformationEntry" publish:ismodellink="false" publish:partLowerX="453" publish:partLowerY="87" publish:partUpperX="321" publish:partUpperY="45" shape="rect" xmi:id="_8.l.v.uIDK.fE.e.i.d.l.pJU2T.uL.zA"/><publish:partInfo anchor="#_JKN14IF.xE.e.iF.w.eA6NKJQO.g" name="partOf" publish:ismodellink="false" publish:partLowerX="475" publish:partLowerY="674" publish:partUpperX="268" publish:partUpperY="659" shape="rect" xmi:id="_.n.bH1LV.a.eE.d6.rJ7.j.pZ7LBF.g"/><publish:partInfo anchor="#_.d.j.gDMIF.xE.e.iF.w.eA6NKJQO.g" name="hasMember" publish:ismodellink="false" publish:partLowerX="475" publish:partLowerY="658" publish:partUpperX="268" publish:partUpperY="643" shape="rect" xmi:id="_.n.bH1LV.a.eE.d6.rJ7.j.pZ7LBF.g"/><publish:partInfo anchor="#_JKN16IF.xE.e.iF.w.eA6NKJQO.g" name="derivedFrom" publish:ismodellink="false" publish:partLowerX="475" publish:partLowerY="642" publish:partUpperX="268" publish:partUpperY="627" shape="rect" xmi:id="_.n.bH1LV.a.eE.d6.rJ7.j.pZ7LBF.g"/><publish:partInfo anchor="#_VCE.nMPOOE.eGMQ.v.y2.b7F.vN.g" name="value" publish:ismodellink="false" publish:partLowerX="475" publish:partLowerY="626" publish:partUpperX="268" publish:partUpperY="611" shape="rect" xmi:id="_.n.bH1LV.a.eE.d6.rJ7.j.pZ7LBF.g"/><publish:partInfo anchor="#_GI.b5.cB7ME.e.eR140.u.d.o0.p.bA" name="resultStatus" publish:ismodellink="false" publish:partLowerX="475" publish:partLowerY="610" publish:partUpperX="268" publish:partUpperY="595" shape="rect" xmi:id="_.n.bH1LV.a.eE.d6.rJ7.j.pZ7LBF.g"/><publish:partInfo anchor="#_.n.bH1TF.a.eE.d6.rJ7.j.pZ7LBF.g" name="reliability" publish:ismodellink="false" publish:partLowerX="475" publish:partLowerY="594" publish:partUpperX="268" publish:partUpperY="579" shape="rect" xmi:id="_.n.bH1LV.a.eE.d6.rJ7.j.pZ7LBF.g"/><publish:partInfo anchor="#_.qR.z1UB.c.bE.eOL3N.w-.k5H.kN.w" name="observedCharacteristic" publish:ismodellink="false" publish:partLowerX="475" publish:partLowerY="578" publish:partUpperX="268" publish:partUpperY="563" shape="rect" xmi:id="_.n.bH1LV.a.eE.d6.rJ7.j.pZ7LBF.g"/><publish:partInfo anchor="#_EKV.i4IF.uE.e.iF.w.eA6NKJQO.g" name="observed" publish:ismodellink="false" publish:partLowerX="475" publish:partLowerY="562" publish:partUpperX="268" publish:partUpperY="547" shape="rect" xmi:id="_.n.bH1LV.a.eE.d6.rJ7.j.pZ7LBF.g"/><publish:partInfo anchor="#_.u06.oBIF.uE.e.iF.w.eA6NKJQO.g" name="multimedia" publish:ismodellink="false" publish:partLowerX="475" publish:partLowerY="546" publish:partUpperX="268" publish:partUpperY="531" shape="rect" xmi:id="_.n.bH1LV.a.eE.d6.rJ7.j.pZ7LBF.g"/><publish:partInfo anchor="#_.n.bH1Q.l.a.eE.d6.rJ7.j.pZ7LBF.g" name="method" publish:ismodellink="false" publish:partLowerX="475" publish:partLowerY="530" publish:partUpperX="268" publish:partUpperY="515" shape="rect" xmi:id="_.n.bH1LV.a.eE.d6.rJ7.j.pZ7LBF.g"/><publish:partInfo anchor="#_.aE.u.l0LN.vE.e.i.oC_3I.yVLSUA" name="exceptionValue" publish:ismodellink="false" publish:partLowerX="475" publish:partLowerY="514" publish:partUpperX="268" publish:partUpperY="499" shape="rect" xmi:id="_.n.bH1LV.a.eE.d6.rJ7.j.pZ7LBF.g"/><publish:partInfo anchor="#_.u06.oAIF.uE.e.iF.w.eA6NKJQO.g" name="description" publish:ismodellink="false" publish:partLowerX="475" publish:partLowerY="499" publish:partUpperX="268" publish:partUpperY="484" shape="rect" xmi:id="_.n.bH1LV.a.eE.d6.rJ7.j.pZ7LBF.g"/><publish:partInfo anchor="#_QURJJIF.uE.e.iF.w.eA6NKJQO.g" name="deltaFlag" publish:ismodellink="false" publish:partLowerX="475" publish:partLowerY="483" publish:partUpperX="268" publish:partUpperY="468" shape="rect" xmi:id="_.n.bH1LV.a.eE.d6.rJ7.j.pZ7LBF.g"/><publish:partInfo anchor="#_6U_P0B7.nE.e.eR140.u.d.o0.p.bA" name="dateTimeIssued" publish:ismodellink="false" publish:partLowerX="475" publish:partLowerY="467" publish:partUpperX="268" publish:partUpperY="452" shape="rect" xmi:id="_.n.bH1LV.a.eE.d6.rJ7.j.pZ7LBF.g"/><publish:partInfo anchor="#_.n.bH1NV.a.eE.d6.rJ7.j.pZ7LBF.g" name="dateTime" publish:ismodellink="false" publish:partLowerX="475" publish:partLowerY="451" publish:partUpperX="268" publish:partUpperY="436" shape="rect" xmi:id="_.n.bH1LV.a.eE.d6.rJ7.j.pZ7LBF.g"/><publish:partInfo anchor="#_E.pMB8H.y.wE.eSWGIF.kX6Z.y.f.g" name="dataAbsentReason" publish:ismodellink="false" publish:partLowerX="475" publish:partLowerY="435" publish:partUpperX="268" publish:partUpperY="420" shape="rect" xmi:id="_.n.bH1LV.a.eE.d6.rJ7.j.pZ7LBF.g"/><publish:partInfo anchor="#_.k.n6.o.wB7OE.e.eR140.u.d.o0.p.bA" name="category" publish:ismodellink="false" publish:partLowerX="475" publish:partLowerY="419" publish:partUpperX="268" publish:partUpperY="404" shape="rect" xmi:id="_.n.bH1LV.a.eE.d6.rJ7.j.pZ7LBF.g"/><publish:partInfo anchor="#_.n.bH1L1.a.eE.d6.rJ7.j.pZ7LBF.g" name="bodySite" publish:ismodellink="false" publish:partLowerX="475" publish:partLowerY="403" publish:partUpperX="268" publish:partUpperY="388" shape="rect" xmi:id="_.n.bH1LV.a.eE.d6.rJ7.j.pZ7LBF.g"/><publish:partInfo name="ObservationStatement" publish:ismodellink="false" publish:partLowerX="484" publish:partLowerY="679" publish:partUpperX="261" publish:partUpperY="333" shape="rect" xmi:id="_.n.bH1LV.a.eE.d6.rJ7.j.pZ7LBF.g"/></contents><ownedComment annotatedElement="_.jP.n.x.sI.d5E.eOZ2.vW3W.fDP5Q" body="“Human height or stature is the distance from the bottom of the feet to the top of the head, standing erect. … Growth has long been recognized as a measure of the health of individuals” – Wikipedia.&#13;&#10;&#13;&#10;This package represents the measurement (or “clinical observation”) of the patient’s height or stature.  It contains an Observation sub-type that constrains the type of observation to that of Height, and a redefined observation qualifier class that indicates whether the height was actually measured or estimated." isDocumentation="true" isURL="false" name="&lt;Unnamed Comment&gt;" publish:icon="-1692003767_icon.png" publish:qualifiedname="FHIM::VitalSigns::Height::&lt;Comment&gt;" xmi:id="_I.lQY8N0.mE.eSZ.f.d.q7.h5.u.eSA" xsi:type="uml:Comment"><publish:properties><publish:property canonicalName="body" name="Body" publish:category="UML" publish:value="“Human height or stature is the distance from the bottom of the feet to the top of the head, standing erect. … Growth has long been recognized as a measure of the health of individuals” – Wikipedia...."/><publish:property canonicalName="Keywords" name="Keywords" publish:category="UML"/><publish:property canonicalName="owner" name="Owner" publish:category="UML" publish:ismodellink="false" publish:value="Height" xmi:id="_.jP.n.x.sI.d5E.eOZ2.vW3W.fDP5Q"/><publish:property canonicalName="Stereotype" name="Stereotype" publish:category="UML" publish:value="documentation"/></publish:properties></ownedComment><packagedElement name="HeightObservation" publish:icon="-1701569100_icon.png" publish:qualifiedname="FHIM::VitalSigns::Height::HeightObservation" xmi:id="_.jP.o_4I.d5E.eOZ2.vW3W.fDP5Q" xsi:type="uml:Class"><publish:properties><publish:property canonicalName="Alias" name="Alias" publish:category="UML"/><publish:property canonicalName="classifierBehavior" name="Classifier Behavior" publish:category="UML"/><publish:property canonicalName="isAbstract" name="Is Abstract" publish:category="UML" publish:value="false"/><publish:property canonicalName="isActive" name="Is Active" publish:category="UML" publish:value="false"/><publish:property canonicalName="isLeaf" name="Is Leaf" publish:category="UML" publish:value="false"/><publish:property canonicalName="Keywords" name="Keywords" publish:category="UML"/><publish:property canonicalName="name" name="Name" publish:category="UML" publish:value="HeightObservation"/><publish:property canonicalName="nameExpression" name="Name Expression" publish:category="UML"/><publish:property canonicalName="namespace" name="Namespace" publish:category="UML" publish:ismodellink="false" publish:value="Height" xmi:id="_.jP.n.x.sI.d5E.eOZ2.vW3W.fDP5Q"/><publish:property canonicalName="ownedTemplateSignature" name="Owned Template Signature" publish:category="UML"/><publish:property canonicalName="owner" name="Owner" publish:category="UML" publish:ismodellink="false" publish:value="Height" xmi:id="_.jP.n.x.sI.d5E.eOZ2.vW3W.fDP5Q"/><publish:property canonicalName="owningTemplateParameter" name="Owning Template Parameter" publish:category="UML"/><publish:property canonicalName="package" name="Package" publish:category="UML" publish:ismodellink="false" publish:value="Height" xmi:id="_.jP.n.x.sI.d5E.eOZ2.vW3W.fDP5Q"/><publish:property canonicalName="qualifiedName" name="Qualified Name" publish:category="UML" publish:value="FHIM::VitalSigns::Height::HeightObservation"/><publish:property canonicalName="representation" name="Representation" publish:category="UML"/><publish:property canonicalName="Stereotype" name="Stereotype" publish:category="UML"/><publish:property canonicalName="templateParameter" name="Template Parameter" publish:category="UML"/><publish:property canonicalName="visibility" name="Visibility" publish:category="UML" publish:value="Public"/></publish:properties><ancestor name="ObservationStatement" publish:icon="-1701569100_icon.png" publish:qualifiedname="FHIM::ClinicalObservation::ObservationStatement" xmi:id="_.n.bH1LV.a.eE.d6.rJ7.j.pZ7LBF.g" xsi:type="uml:Class"><inheritedAttribute anchor="#_XX-.x.kIF.wE.e.iF.w.eA6NKJQO.g" name="basedOn" publish:icon="115617312_icon.png" publish:qualifiedname="FHIM::ClinicalObservation::ObservationStatement::basedOn" xmi:id="_.n.bH1LV.a.eE.d6.rJ7.j.pZ7LBF.g" xsi:type="uml:Property"/><inheritedAttribute anchor="#_.n.bH1L1.a.eE.d6.rJ7.j.pZ7LBF.g" name="bodySite" publish:icon="115617312_icon.png" publish:qualifiedname="FHIM::ClinicalObservation::ObservationStatement::bodySite" xmi:id="_.n.bH1LV.a.eE.d6.rJ7.j.pZ7LBF.g" xsi:type="uml:Property"/><inheritedAttribute anchor="#_.k.n6.o.wB7OE.e.eR140.u.d.o0.p.bA" name="category" publish:icon="115617312_icon.png" publish:qualifiedname="FHIM::ClinicalObservation::ObservationStatement::category" xmi:id="_.n.bH1LV.a.eE.d6.rJ7.j.pZ7LBF.g" xsi:type="uml:Property"/><inheritedAttribute anchor="#_.l.m5Z.cB-SE.e.e94I.o.vP.w.pK.f.w" name="componentObservation" publish:icon="115617312_icon.png" publish:qualifiedname="FHIM::ClinicalObservation::ObservationStatement::componentObservation" xmi:id="_.n.bH1LV.a.eE.d6.rJ7.j.pZ7LBF.g" xsi:type="uml:Property"/><inheritedAttribute anchor="#_E.pMB8H.y.wE.eSWGIF.kX6Z.y.f.g" name="dataAbsentReason" publish:icon="115617312_icon.png" publish:qualifiedname="FHIM::ClinicalObservation::ObservationStatement::dataAbsentReason" xmi:id="_.n.bH1LV.a.eE.d6.rJ7.j.pZ7LBF.g" xsi:type="uml:Property"/><inheritedAttribute anchor="#_.n.bH1NV.a.eE.d6.rJ7.j.pZ7LBF.g" name="dateTime" publish:icon="115617312_icon.png" publish:qualifiedname="FHIM::ClinicalObservation::ObservationStatement::dateTime" xmi:id="_.n.bH1LV.a.eE.d6.rJ7.j.pZ7LBF.g" xsi:type="uml:Property"/><inheritedAttribute anchor="#_6U_P0B7.nE.e.eR140.u.d.o0.p.bA" name="dateTimeIssued" publish:icon="115617312_icon.png" publish:qualifiedname="FHIM::ClinicalObservation::ObservationStatement::dateTimeIssued" xmi:id="_.n.bH1LV.a.eE.d6.rJ7.j.pZ7LBF.g" xsi:type="uml:Property"/><inheritedAttribute anchor="#_QURJJIF.uE.e.iF.w.eA6NKJQO.g" name="deltaFlag" publish:icon="115617312_icon.png" publish:qualifiedname="FHIM::ClinicalObservation::ObservationStatement::deltaFlag" xmi:id="_.n.bH1LV.a.eE.d6.rJ7.j.pZ7LBF.g" xsi:type="uml:Property"/><inheritedAttribute anchor="#_.u06.oAIF.uE.e.iF.w.eA6NKJQO.g" name="description" publish:icon="115617312_icon.png" publish:qualifiedname="FHIM::ClinicalObservation::ObservationStatement::description" xmi:id="_.n.bH1LV.a.eE.d6.rJ7.j.pZ7LBF.g" xsi:type="uml:Property"/><inheritedAttribute anchor="#_.fVF.sIB7.tE.e.eR140.u.d.o0.p.bA" name="deviceInstance" publish:icon="115617312_icon.png" publish:qualifiedname="FHIM::ClinicalObservation::ObservationStatement::deviceInstance" xmi:id="_.n.bH1LV.a.eE.d6.rJ7.j.pZ7LBF.g" xsi:type="uml:Property"/><inheritedAttribute anchor="#_PK.p3AB.y.bE.eOR-.a0_.xU.g6BQ" name="encounter" publish:icon="115617312_icon.png" publish:qualifiedname="FHIM::ClinicalObservation::ObservationStatement::encounter" xmi:id="_.n.bH1LV.a.eE.d6.rJ7.j.pZ7LBF.g" xsi:type="uml:Property"/><inheritedAttribute anchor="#_.o.cTY.wYF.xE.e.iF.w.eA6NKJQO.g" name="evaluationProcedure" publish:icon="115617312_icon.png" publish:qualifiedname="FHIM::ClinicalObservation::ObservationStatement::evaluationProcedure" xmi:id="_.n.bH1LV.a.eE.d6.rJ7.j.pZ7LBF.g" xsi:type="uml:Property"/><inheritedAttribute anchor="#_.aE.u.l0LN.vE.e.i.oC_3I.yVLSUA" name="exceptionValue" publish:icon="115617312_icon.png" publish:qualifiedname="FHIM::ClinicalObservation::ObservationStatement::exceptionValue" xmi:id="_.n.bH1LV.a.eE.d6.rJ7.j.pZ7LBF.g" xsi:type="uml:Property"/><inheritedAttribute anchor="#_.l45L8B.c.pE.eOL3N.w-.k5H.kN.w" name="interpretationEvent" publish:icon="115617312_icon.png" publish:qualifiedname="FHIM::ClinicalObservation::ObservationStatement::interpretationEvent" xmi:id="_.n.bH1LV.a.eE.d6.rJ7.j.pZ7LBF.g" xsi:type="uml:Property"/><inheritedAttribute anchor="#_.n.bH1Q.l.a.eE.d6.rJ7.j.pZ7LBF.g" name="method" publish:icon="115617312_icon.png" publish:qualifiedname="FHIM::ClinicalObservation::ObservationStatement::method" xmi:id="_.n.bH1LV.a.eE.d6.rJ7.j.pZ7LBF.g" xsi:type="uml:Property"/><inheritedAttribute anchor="#_.u06.oBIF.uE.e.iF.w.eA6NKJQO.g" name="multimedia" publish:icon="115617312_icon.png" publish:qualifiedname="FHIM::ClinicalObservation::ObservationStatement::multimedia" xmi:id="_.n.bH1LV.a.eE.d6.rJ7.j.pZ7LBF.g" xsi:type="uml:Property"/><inheritedAttribute anchor="#_EKV.i4IF.uE.e.iF.w.eA6NKJQO.g" name="observed" publish:icon="115617312_icon.png" publish:qualifiedname="FHIM::ClinicalObservation::ObservationStatement::observed" xmi:id="_.n.bH1LV.a.eE.d6.rJ7.j.pZ7LBF.g" xsi:type="uml:Property"/><inheritedAttribute anchor="#_.qR.z1UB.c.bE.eOL3N.w-.k5H.kN.w" name="observedCharacteristic" publish:icon="115617312_icon.png" publish:qualifiedname="FHIM::ClinicalObservation::ObservationStatement::observedCharacteristic" xmi:id="_.n.bH1LV.a.eE.d6.rJ7.j.pZ7LBF.g" xsi:type="uml:Property"/><inheritedAttribute anchor="#_LYG.wEPDOE.eO_T.e8.vA.bT_YQ" name="referenceRange" publish:icon="115617312_icon.png" publish:qualifiedname="FHIM::ClinicalObservation::ObservationStatement::referenceRange" xmi:id="_.n.bH1LV.a.eE.d6.rJ7.j.pZ7LBF.g" xsi:type="uml:Property"/><inheritedAttribute anchor="#_.n.bH1TF.a.eE.d6.rJ7.j.pZ7LBF.g" name="reliability" publish:icon="115617312_icon.png" publish:qualifiedname="FHIM::ClinicalObservation::ObservationStatement::reliability" xmi:id="_.n.bH1LV.a.eE.d6.rJ7.j.pZ7LBF.g" xsi:type="uml:Property"/><inheritedAttribute anchor="#_GI.b5.cB7ME.e.eR140.u.d.o0.p.bA" name="resultStatus" publish:icon="115617312_icon.png" publish:qualifiedname="FHIM::ClinicalObservation::ObservationStatement::resultStatus" xmi:id="_.n.bH1LV.a.eE.d6.rJ7.j.pZ7LBF.g" xsi:type="uml:Property"/><inheritedAttribute anchor="#_DU4.w.wB7.tE.e.eR140.u.d.o0.p.bA" name="specimen" publish:icon="115617312_icon.png" publish:qualifiedname="FHIM::ClinicalObservation::ObservationStatement::specimen" xmi:id="_.n.bH1LV.a.eE.d6.rJ7.j.pZ7LBF.g" xsi:type="uml:Property"/><inheritedAttribute anchor="#_VCE.nMPOOE.eGMQ.v.y2.b7F.vN.g" name="value" publish:icon="115617312_icon.png" publish:qualifiedname="FHIM::ClinicalObservation::ObservationStatement::value" xmi:id="_.n.bH1LV.a.eE.d6.rJ7.j.pZ7LBF.g" xsi:type="uml:Property"/><inheritedAttribute anchor="#_JKN16IF.xE.e.iF.w.eA6NKJQO.g" name="derivedFrom" publish:icon="115617312_icon.png" publish:qualifiedname="FHIM::ClinicalObservation::ObservationStatement::derivedFrom" xmi:id="_.n.bH1LV.a.eE.d6.rJ7.j.pZ7LBF.g" xsi:type="uml:Property"/><inheritedAttribute anchor="#_.d.j.gDMIF.xE.e.iF.w.eA6NKJQO.g" name="hasMember" publish:icon="115617312_icon.png" publish:qualifiedname="FHIM::ClinicalObservation::ObservationStatement::hasMember" xmi:id="_.n.bH1LV.a.eE.d6.rJ7.j.pZ7LBF.g" xsi:type="uml:Property"/><inheritedAttribute anchor="#_JKN14IF.xE.e.iF.w.eA6NKJQO.g" name="partOf" publish:icon="115617312_icon.png" publish:qualifiedname="FHIM::ClinicalObservation::ObservationStatement::partOf" xmi:id="_.n.bH1LV.a.eE.d6.rJ7.j.pZ7LBF.g" xsi:type="uml:Property"/></ancestor><ancestor name="ClinicalStatement" publish:icon="-1701569100_icon.png" publish:qualifiedname="FHIM::Common::ClinicalStatement" xmi:id="_W.u4M.gKM.yE.eS.jK-UN.p.oDZ.uQ" xsi:type="uml:Class"><inheritedAttribute anchor="#_.yUD.e.oOS.kE.e.aMP8O.h.jV.e.y.r.g" name="clinicalDataSource" publish:icon="115617312_icon.png" publish:qualifiedname="FHIM::Common::ClinicalStatement::clinicalDataSource" xmi:id="_W.u4M.gKM.yE.eS.jK-UN.p.oDZ.uQ" xsi:type="uml:Property"/><inheritedAttribute anchor="#_O.eQTIAXZE.e.e.bQ.s_.lQM5.n6.g" name="comment" publish:icon="115617312_icon.png" publish:qualifiedname="FHIM::Common::ClinicalStatement::comment" xmi:id="_W.u4M.gKM.yE.eS.jK-UN.p.oDZ.uQ" xsi:type="uml:Property"/><inheritedAttribute anchor="#_XO.l.p.cOQ.xE.e.aH9.t35G2.s.n.aA" name="contentVersion" publish:icon="115617312_icon.png" publish:qualifiedname="FHIM::Common::ClinicalStatement::contentVersion" xmi:id="_W.u4M.gKM.yE.eS.jK-UN.p.oDZ.uQ" xsi:type="uml:Property"/><inheritedAttribute anchor="#_.y6-.nED.n0E.e.i.e.f.c.oRQJX.pFA" name="contextCode" publish:icon="115617312_icon.png" publish:qualifiedname="FHIM::Common::ClinicalStatement::contextCode" xmi:id="_W.u4M.gKM.yE.eS.jK-UN.p.oDZ.uQ" xsi:type="uml:Property"/><inheritedAttribute anchor="#_F7.g.cQD.n2E.e.i.e.f.c.oRQJX.pFA" name="encounter" publish:icon="115617312_icon.png" publish:qualifiedname="FHIM::Common::ClinicalStatement::encounter" xmi:id="_W.u4M.gKM.yE.eS.jK-UN.p.oDZ.uQ" xsi:type="uml:Property"/><inheritedAttribute anchor="#_.n.bH1TV.a.eE.d6.rJ7.j.pZ7LBF.g" name="recordStatus" publish:icon="115617312_icon.png" publish:qualifiedname="FHIM::Common::ClinicalStatement::recordStatus" xmi:id="_W.u4M.gKM.yE.eS.jK-UN.p.oDZ.uQ" xsi:type="uml:Property"/><inheritedAttribute anchor="#_A_6W8L.k.xE.eS.vI.b.hH.aIF.eOA" name="relatedClinicalInformation" publish:icon="115617312_icon.png" publish:qualifiedname="FHIM::Common::ClinicalStatement::relatedClinicalInformation" xmi:id="_W.u4M.gKM.yE.eS.jK-UN.p.oDZ.uQ" xsi:type="uml:Property"/><inheritedAttribute anchor="#_.lYI78KM.yE.eS.jK-UN.p.oDZ.uQ" name="sourceRecordType" publish:icon="115617312_icon.png" publish:qualifiedname="FHIM::Common::ClinicalStatement::sourceRecordType" xmi:id="_W.u4M.gKM.yE.eS.jK-UN.p.oDZ.uQ" xsi:type="uml:Property"/><inheritedAttribute anchor="#_V.uE.k4KM0E.eS.jK-UN.p.oDZ.uQ" name="sourceSystem" publish:icon="115617312_icon.png" publish:qualifiedname="FHIM::Common::ClinicalStatement::sourceSystem" xmi:id="_W.u4M.gKM.yE.eS.jK-UN.p.oDZ.uQ" xsi:type="uml:Property"/><inheritedAttribute anchor="#_1.o-BYO.pJE.e.aW.rIJ.dH.o1TM.w" name="subjectOfInformation" publish:icon="115617312_icon.png" publish:qualifiedname="FHIM::Common::ClinicalStatement::subjectOfInformation" xmi:id="_W.u4M.gKM.yE.eS.jK-UN.p.oDZ.uQ" xsi:type="uml:Property"/><inheritedAttribute anchor="#_4.xF.h.kOS.mE.e.aMP8O.h.jV.e.y.r.g" name="subjectOfRecord" publish:icon="115617312_icon.png" publish:qualifiedname="FHIM::Common::ClinicalStatement::subjectOfRecord" xmi:id="_W.u4M.gKM.yE.eS.jK-UN.p.oDZ.uQ" xsi:type="uml:Property"/><inheritedAttribute anchor="#_.y6-.nFD.n0E.e.i.e.f.c.oRQJX.pFA" name="temporalContext" publish:icon="115617312_icon.png" publish:qualifiedname="FHIM::Common::ClinicalStatement::temporalContext" xmi:id="_W.u4M.gKM.yE.eS.jK-UN.p.oDZ.uQ" xsi:type="uml:Property"/><inheritedAttribute anchor="#_.r.gEU.sD.n0E.e.i.e.f.c.oRQJX.pFA" name="topicCode" publish:icon="115617312_icon.png" publish:qualifiedname="FHIM::Common::ClinicalStatement::topicCode" xmi:id="_W.u4M.gKM.yE.eS.jK-UN.p.oDZ.uQ" xsi:type="uml:Property"/><inheritedAttribute anchor="#_R.a07EOQ.xE.e.aH9.t35G2.s.n.aA" name="cosigned" publish:icon="115617312_icon.png" publish:qualifiedname="FHIM::Common::ClinicalStatement::cosigned" xmi:id="_W.u4M.gKM.yE.eS.jK-UN.p.oDZ.uQ" xsi:type="uml:Property"/><inheritedAttribute anchor="#_N.gU0YOQ.xE.e.aH9.t35G2.s.n.aA" name="recorded" publish:icon="115617312_icon.png" publish:qualifiedname="FHIM::Common::ClinicalStatement::recorded" xmi:id="_W.u4M.gKM.yE.eS.jK-UN.p.oDZ.uQ" xsi:type="uml:Property"/><inheritedAttribute anchor="#_N.l.qAUOQ.xE.e.aH9.t35G2.s.n.aA" name="signed" publish:icon="115617312_icon.png" publish:qualifiedname="FHIM::Common::ClinicalStatement::signed" xmi:id="_W.u4M.gKM.yE.eS.jK-UN.p.oDZ.uQ" xsi:type="uml:Property"/><inheritedAttribute anchor="#_-.b.m.yYOS8E.e.aMP8O.h.jV.e.y.r.g" name="verified" publish:icon="115617312_icon.png" publish:qualifiedname="FHIM::Common::ClinicalStatement::verified" xmi:id="_W.u4M.gKM.yE.eS.jK-UN.p.oDZ.uQ" xsi:type="uml:Property"/></ancestor><ancestor name="InformationEntry" publish:icon="-1701569100_icon.png" publish:qualifiedname="FHIM::Common::InformationEntry" xmi:id="_8.l.v.uIDK.fE.e.i.d.l.pJU2T.uL.zA" xsi:type="uml:Class"><inheritedAttribute anchor="#_.n.bH1P1.a.eE.d6.rJ7.j.pZ7LBF.g" name="identifier" publish:icon="115617312_icon.png" publish:qualifiedname="FHIM::Common::InformationEntry::identifier" xmi:id="_8.l.v.uIDK.fE.e.i.d.l.pJU2T.uL.zA" xsi:type="uml:Property"/></ancestor><ownedComment annotatedElement="_.jP.o_4I.d5E.eOZ2.vW3W.fDP5Q" body="“Human height or stature is the distance from the bottom of the feet to the top of the head, standing erect. … Growth has long been recognized as a measure of the health of individuals” – Wikipedia.&#13;&#10;&#13;&#10;This class represents the measurement (or “clinical observation”) of the patient’s Height.  This class re-defines the generic clinical Observation class to fix the observed characteristic to LOINC 8302-2 and to set the data type of the observation value to a Physical Quantity." isDocumentation="true" isURL="false" name="&lt;Unnamed Comment&gt;" publish:icon="-1692003767_icon.png" publish:qualifiedname="FHIM::VitalSigns::Height::HeightObservation::&lt;Comment&gt;" xmi:id="_.c.v.u.uMN0.mE.eSZ.f.d.q7.h5.u.eSA" xsi:type="uml:Comment"><publish:properties><publish:property canonicalName="body" name="Body" publish:category="UML" publish:value="“Human height or stature is the distance from the bottom of the feet to the top of the head, standing erect. … Growth has long been recognized as a measure of the health of individuals” – Wikipedia...."/><publish:property canonicalName="Keywords" name="Keywords" publish:category="UML"/><publish:property canonicalName="owner" name="Owner" publish:category="UML" publish:ismodellink="false" publish:value="HeightObservation" xmi:id="_.jP.o_4I.d5E.eOZ2.vW3W.fDP5Q"/><publish:property canonicalName="Stereotype" name="Stereotype" publish:category="UML" publish:value="documentation"/></publish:properties></ownedComment><ownedRule body="(self.value.unit.code = 'cm' and self.value.value.literal &gt;= 0.0 and self.value.value.literal &lt;= 300.0 ) or&#13;&#10;(self.value.unit.code = 'in_i' and self.value.value.literal &gt;= 0.0 and self.value.value.literal &lt;= 120.0 )&#13;&#10;-- note: the tallest human ever recorded was 272 cm tall (107&quot; or 8'11&quot;)" constrainedElement="_EV.pMQH-3E.eO.zEN.pL.s8HI.c.g" name="ValueIsHeight" publish:icon="-2033356149_icon.png" publish:qualifiedname="FHIM::VitalSigns::Height::HeightObservation::ValueIsHeight" xmi:id="_3.n.yS.gHP.eE.e.iV16B.d.s.fE5.oQ" xsi:type="uml:Constraint"><publish:properties><publish:property canonicalName="Alias" name="Alias" publish:category="UML"/><publish:property canonicalName="context" name="Context" publish:category="UML" publish:ismodellink="false" publish:value="HeightObservation" xmi:id="_.jP.o_4I.d5E.eOZ2.vW3W.fDP5Q"/><publish:property canonicalName="Keywords" name="Keywords" publish:category="UML"/><publish:property canonicalName="name" name="Name" publish:category="UML" publish:value="ValueIsHeight"/><publish:property canonicalName="nameExpression" name="Name Expression" publish:category="UML"/><publish:property canonicalName="namespace" name="Namespace" publish:category="UML" publish:ismodellink="false" publish:value="HeightObservation" xmi:id="_.jP.o_4I.d5E.eOZ2.vW3W.fDP5Q"/><publish:property canonicalName="owner" name="Owner" publish:category="UML" publish:ismodellink="false" publish:value="HeightObservation" xmi:id="_.jP.o_4I.d5E.eOZ2.vW3W.fDP5Q"/><publish:property canonicalName="owningTemplateParameter" name="Owning Template Parameter" publish:category="UML"/><publish:property canonicalName="qualifiedName" name="Qualified Name" publish:category="UML" publish:value="FHIM::VitalSigns::Height::HeightObservation::ValueIsHeight"/><publish:property canonicalName="specification" name="Specification" publish:category="UML" publish:nohref="true" publish:value="((self.value.unit.code = 'cm' and self.value.value.literal &gt;= 0.0 and self.value.value.literal &lt;= 300.0 ) or&#13;&#10;(self.value.unit.code = 'in_i' and self.value.value.literal &gt;= 0.0 and self.value.value.literal &lt;= 120.0 )&#13;&#10;-- note: the tallest human ever recorded was 272 cm tall (107&quot; or 8'11&quot;))"/><publish:property canonicalName="Stereotype" name="Stereotype" publish:category="UML"/><publish:property canonicalName="templateParameter" name="Template Parameter" publish:category="UML"/><publish:property canonicalName="visibility" name="Visibility" publish:category="UML" publish:value="Public"/></publish:properties><specification name="&lt;Unnamed OpaqueExpression&gt;" publish:icon="-1649106119_icon.png" publish:qualifiedname="FHIM::VitalSigns::Height::HeightObservation::ValueIsHeight::&lt;OpaqueExpression&gt;" xmi:id="_3.n.yS.gXP.eE.e.iV16B.d.s.fE5.oQ" xsi:type="uml:OpaqueExpression"><publish:properties><publish:property canonicalName="Alias" name="Alias" publish:category="UML"/><publish:property canonicalName="behavior" name="Behavior" publish:category="UML"/><publish:property canonicalName="body" name="Body" publish:category="UML" publish:value="(self.value.unit.code = 'cm' and self.value.value.literal &gt;= 0.0 and self.value.value.literal &lt;= 300.0 ) or..."/><publish:property canonicalName="Keywords" name="Keywords" publish:category="UML"/><publish:property canonicalName="language" name="Language" publish:category="UML" publish:value="OCL"/><publish:property canonicalName="name" name="Name" publish:category="UML"/><publish:property canonicalName="nameExpression" name="Name Expression" publish:category="UML"/><publish:property canonicalName="namespace" name="Namespace" publish:category="UML"/><publish:property anchor="#constraintsTable" canonicalName="owner" name="Owner" publish:category="UML" publish:ismodellink="false" publish:value="ValueIsHeight" xmi:id="_EV.pMQH-3E.eO.zEN.pL.s8HI.c.g"/><publish:property canonicalName="owningTemplateParameter" name="Owning Template Parameter" publish:category="UML"/><publish:property canonicalName="qualifiedName" name="Qualified Name" publish:category="UML"/><publish:property canonicalName="result" name="Result" publish:category="UML"/><publish:property canonicalName="Stereotype" name="Stereotype" publish:category="UML"/><publish:property canonicalName="templateParameter" name="Template Parameter" publish:category="UML"/><publish:property canonicalName="type" name="Type" publish:category="UML"/><publish:property canonicalName="visibility" name="Visibility" publish:category="UML" publish:value="Public"/></publish:properties></specification></ownedRule><ownedRule body="self.topicCode.codeSystem.codeSystemName = 'LOINC' and self.topicCode.code = '8302-2'" constrainedElement="_EV.pMQH-3E.eO.zEN.pL.s8HI.c.g" name="TopicIsHeight" publish:icon="-2033356149_icon.png" publish:qualifiedname="FHIM::VitalSigns::Height::HeightObservation::TopicIsHeight" xmi:id="_3.n.x.r.cHP.eE.e.iV16B.d.s.fE5.oQ" xsi:type="uml:Constraint"><publish:properties><publish:property canonicalName="Alias" name="Alias" publish:category="UML"/><publish:property canonicalName="context" name="Context" publish:category="UML" publish:ismodellink="false" publish:value="HeightObservation" xmi:id="_.jP.o_4I.d5E.eOZ2.vW3W.fDP5Q"/><publish:property canonicalName="Keywords" name="Keywords" publish:category="UML"/><publish:property canonicalName="name" name="Name" publish:category="UML" publish:value="TopicIsHeight"/><publish:property canonicalName="nameExpression" name="Name Expression" publish:category="UML"/><publish:property canonicalName="namespace" name="Namespace" publish:category="UML" publish:ismodellink="false" publish:value="HeightObservation" xmi:id="_.jP.o_4I.d5E.eOZ2.vW3W.fDP5Q"/><publish:property canonicalName="owner" name="Owner" publish:category="UML" publish:ismodellink="false" publish:value="HeightObservation" xmi:id="_.jP.o_4I.d5E.eOZ2.vW3W.fDP5Q"/><publish:property canonicalName="owningTemplateParameter" name="Owning Template Parameter" publish:category="UML"/><publish:property canonicalName="qualifiedName" name="Qualified Name" publish:category="UML" publish:value="FHIM::VitalSigns::Height::HeightObservation::TopicIsHeight"/><publish:property canonicalName="specification" name="Specification" publish:category="UML" publish:nohref="true" publish:value="(self.topicCode.codeSystem.codeSystemName = 'LOINC' and self.topicCode.code = '8302-2')"/><publish:property canonicalName="Stereotype" name="Stereotype" publish:category="UML"/><publish:property canonicalName="templateParameter" name="Template Parameter" publish:category="UML"/><publish:property canonicalName="visibility" name="Visibility" publish:category="UML" publish:value="Public"/></publish:properties><specification name="&lt;Unnamed OpaqueExpression&gt;" publish:icon="-1649106119_icon.png" publish:qualifiedname="FHIM::VitalSigns::Height::HeightObservation::TopicIsHeight::&lt;OpaqueExpression&gt;" xmi:id="_3.n.x.r.cXP.eE.e.iV16B.d.s.fE5.oQ" xsi:type="uml:OpaqueExpression"><publish:properties><publish:property canonicalName="Alias" name="Alias" publish:category="UML"/><publish:property canonicalName="behavior" name="Behavior" publish:category="UML"/><publish:property canonicalName="body" name="Body" publish:category="UML" publish:value="self.topicCode.codeSystem.codeSystemName = 'LOINC' and self.topicCode.code = '8302-2'"/><publish:property canonicalName="Keywords" name="Keywords" publish:category="UML"/><publish:property canonicalName="language" name="Language" publish:category="UML" publish:value="OCL"/><publish:property canonicalName="name" name="Name" publish:category="UML"/><publish:property canonicalName="nameExpression" name="Name Expression" publish:category="UML"/><publish:property canonicalName="namespace" name="Namespace" publish:category="UML"/><publish:property anchor="#constraintsTable" canonicalName="owner" name="Owner" publish:category="UML" publish:ismodellink="false" publish:value="TopicIsHeight" xmi:id="_EV.pMQH-3E.eO.zEN.pL.s8HI.c.g"/><publish:property canonicalName="owningTemplateParameter" name="Owning Template Parameter" publish:category="UML"/><publish:property canonicalName="qualifiedName" name="Qualified Name" publish:category="UML"/><publish:property canonicalName="result" name="Result" publish:category="UML"/><publish:property canonicalName="Stereotype" name="Stereotype" publish:category="UML"/><publish:property canonicalName="templateParameter" name="Template Parameter" publish:category="UML"/><publish:property canonicalName="type" name="Type" publish:category="UML"/><publish:property canonicalName="visibility" name="Visibility" publish:category="UML" publish:value="Public"/></publish:properties></specification></ownedRule><generalization name="&lt;Unnamed Generalization&gt;" publish:icon="844288606_icon.png" publish:qualifiedname="FHIM::VitalSigns::Height::HeightObservation::&lt;Generalization&gt;" xmi:id="_.jP.o_4Y.d5E.eOZ2.vW3W.fDP5Q" xsi:type="uml:Generalization"><publish:properties><publish:property canonicalName="general" name="General" publish:category="UML" publish:ismodellink="false" publish:value="«CIMI_EvaluationResultRecorded» ObservationStatement" xmi:id="_.n.bH1LV.a.eE.d6.rJ7.j.pZ7LBF.g"/><publish:property canonicalName="isSubstitutable" name="Is Substitutable" publish:category="UML" publish:value="true"/><publish:property canonicalName="Keywords" name="Keywords" publish:category="UML"/><publish:property canonicalName="owner" name="Owner" publish:category="UML" publish:ismodellink="false" publish:value="HeightObservation" xmi:id="_.jP.o_4I.d5E.eOZ2.vW3W.fDP5Q"/><publish:property canonicalName="specific" name="Specific" publish:category="UML" publish:ismodellink="false" publish:value="HeightObservation" xmi:id="_.jP.o_4I.d5E.eOZ2.vW3W.fDP5Q"/><publish:property canonicalName="Stereotype" name="Stereotype" publish:category="UML"/></publish:properties></generalization><ownedAttribute name="method" publish:icon="115617312_icon.png" publish:qualifiedname="FHIM::VitalSigns::Height::HeightObservation::method" publish:type="Code" xmi:id="_.u-71EHPYE.e.iV16B.d.s.fE5.oQ" xsi:type="uml:Property"><publish:properties><publish:property canonicalName="aggregation" name="Aggregation" publish:category="UML" publish:value="None"/><publish:property canonicalName="Alias" name="Alias" publish:category="UML"/><publish:property canonicalName="association" name="Association" publish:category="UML"/><publish:property canonicalName="associationEnd" name="Association End" publish:category="UML"/><publish:property canonicalName="class" name="Class" publish:category="UML" publish:ismodellink="false" publish:value="HeightObservation" xmi:id="_.jP.o_4I.d5E.eOZ2.vW3W.fDP5Q"/><publish:property canonicalName="datatype" name="Datatype" publish:category="UML"/><publish:property canonicalName="default" name="Default" publish:category="UML"/><publish:property canonicalName="defaultValue" name="Default Value" publish:category="UML"/><publish:property canonicalName="isComposite" name="Is Composite" publish:category="UML" publish:value="false"/><publish:property canonicalName="isDerived" name="Is Derived" publish:category="UML" publish:value="false"/><publish:property canonicalName="isDerivedUnion" name="Is Derived Union" publish:category="UML" publish:value="false"/><publish:property canonicalName="isLeaf" name="Is Leaf" publish:category="UML" publish:value="false"/><publish:property canonicalName="isOrdered" name="Is Ordered" publish:category="UML" publish:value="false"/><publish:property canonicalName="isReadOnly" name="Is Read Only" publish:category="UML" publish:value="false"/><publish:property canonicalName="isStatic" name="Is Static" publish:category="UML" publish:value="false"/><publish:property canonicalName="isUnique" name="Is Unique" publish:category="UML" publish:value="true"/><publish:property canonicalName="Keywords" name="Keywords" publish:category="UML" publish:value="redefine"/><publish:property canonicalName="lower" name="Lower" publish:category="UML" publish:value="0"/><publish:property canonicalName="lowerValue" name="Lower Value" publish:category="UML" publish:nohref="true" publish:value="(0)"/><publish:property canonicalName="Multiplicity" name="Multiplicity" publish:category="UML" publish:value="0..1"/><publish:property canonicalName="name" name="Name" publish:category="UML" publish:value="method"/><publish:property canonicalName="nameExpression" name="Name Expression" publish:category="UML"/><publish:property canonicalName="namespace" name="Namespace" publish:category="UML" publish:ismodellink="false" publish:value="HeightObservation" xmi:id="_.jP.o_4I.d5E.eOZ2.vW3W.fDP5Q"/><publish:property canonicalName="opposite" name="Opposite" publish:category="UML"/><publish:property canonicalName="owner" name="Owner" publish:category="UML" publish:ismodellink="false" publish:value="HeightObservation" xmi:id="_.jP.o_4I.d5E.eOZ2.vW3W.fDP5Q"/><publish:property canonicalName="owningAssociation" name="Owning Association" publish:category="UML"/><publish:property canonicalName="owningTemplateParameter" name="Owning Template Parameter" publish:category="UML"/><publish:property canonicalName="qualifiedName" name="Qualified Name" publish:category="UML" publish:value="FHIM::VitalSigns::Height::HeightObservation::method"/><publish:property canonicalName="Stereotype" name="Stereotype" publish:category="UML"/><publish:property canonicalName="templateParameter" name="Template Parameter" publish:category="UML"/><publish:property canonicalName="type" name="Type" publish:category="UML" publish:ismodellink="false" publish:value="«CS» Code" xmi:id="_G.mK.qYGA.fE.d6.a0.q.oC8D.h7.hA"/><publish:property canonicalName="upper" name="Upper" publish:category="UML" publish:value="1"/><publish:property canonicalName="upperValue" name="Upper Value" publish:category="UML" publish:nohref="true" publish:value="(1)"/><publish:property canonicalName="visibility" name="Visibility" publish:category="UML" publish:value="Public"/></publish:properties><ownedComment annotatedElement="_.u-71EHPYE.e.iV16B.d.s.fE5.oQ" body="Occasionally, the patient’s Height cannot be measured directly, leading the clinician to estimate the Height, or rely on the patient’s stated Height.  This class records an observation of how the patient’s Height was determined." isDocumentation="true" isURL="false" name="&lt;Unnamed Comment&gt;" publish:icon="-1692003767_icon.png" publish:qualifiedname="FHIM::VitalSigns::Height::HeightObservation::method::&lt;Comment&gt;" xmi:id="_N1.xNEHP.eE.e.iV16B.d.s.fE5.oQ" xsi:type="uml:Comment"><publish:properties><publish:property canonicalName="body" name="Body" publish:category="UML" publish:value="Occasionally, the patient’s Height cannot be measured directly, leading the clinician to estimate the Height, or rely on the patient’s stated Height.  This class records an observation of how the patient’s Height was determined."/><publish:property canonicalName="Keywords" name="Keywords" publish:category="UML"/><publish:property anchor="#_.u-71EHPYE.e.iV16B.d.s.fE5.oQ" canonicalName="owner" name="Owner" publish:category="UML" publish:ismodellink="false" publish:value="«redefine» method" xmi:id="_.jP.o_4I.d5E.eOZ2.vW3W.fDP5Q"/><publish:property canonicalName="Stereotype" name="Stereotype" publish:category="UML" publish:value="documentation"/></publish:properties></ownedComment><upperValue name="&lt;Unnamed LiteralUnlimitedNatural&gt;" publish:icon="-860458658_icon.png" publish:qualifiedname="FHIM::VitalSigns::Height::HeightObservation::method::&lt;LiteralUnlimitedNatural&gt;" xmi:id="_.y9498HPYE.e.iV16B.d.s.fE5.oQ" xsi:type="uml:LiteralUnlimitedNatural"><publish:properties><publish:property canonicalName="Alias" name="Alias" publish:category="UML"/><publish:property canonicalName="Keywords" name="Keywords" publish:category="UML"/><publish:property canonicalName="name" name="Name" publish:category="UML"/><publish:property canonicalName="nameExpression" name="Name Expression" publish:category="UML"/><publish:property canonicalName="namespace" name="Namespace" publish:category="UML"/><publish:property anchor="#_.u-71EHPYE.e.iV16B.d.s.fE5.oQ" canonicalName="owner" name="Owner" publish:category="UML" publish:ismodellink="false" publish:value="«redefine» method" xmi:id="_.jP.o_4I.d5E.eOZ2.vW3W.fDP5Q"/><publish:property canonicalName="owningTemplateParameter" name="Owning Template Parameter" publish:category="UML"/><publish:property canonicalName="qualifiedName" name="Qualified Name" publish:category="UML"/><publish:property canonicalName="Stereotype" name="Stereotype" publish:category="UML"/><publish:property canonicalName="templateParameter" name="Template Parameter" publish:category="UML"/><publish:property canonicalName="type" name="Type" publish:category="UML"/><publish:property canonicalName="value" name="Value" publish:category="UML" publish:value="1"/><publish:property canonicalName="visibility" name="Visibility" publish:category="UML" publish:value="Public"/></publish:properties></upperValue><lowerValue name="&lt;Unnamed LiteralInteger&gt;" publish:icon="-1607065069_icon.png" publish:qualifiedname="FHIM::VitalSigns::Height::HeightObservation::method::&lt;LiteralInteger&gt;" xmi:id="_.y94W4HPYE.e.iV16B.d.s.fE5.oQ" xsi:type="uml:LiteralInteger"><publish:properties><publish:property canonicalName="Alias" name="Alias" publish:category="UML"/><publish:property canonicalName="Keywords" name="Keywords" publish:category="UML"/><publish:property canonicalName="name" name="Name" publish:category="UML"/><publish:property canonicalName="nameExpression" name="Name Expression" publish:category="UML"/><publish:property canonicalName="namespace" name="Namespace" publish:category="UML"/><publish:property anchor="#_.u-71EHPYE.e.iV16B.d.s.fE5.oQ" canonicalName="owner" name="Owner" publish:category="UML" publish:ismodellink="false" publish:value="«redefine» method" xmi:id="_.jP.o_4I.d5E.eOZ2.vW3W.fDP5Q"/><publish:property canonicalName="owningTemplateParameter" name="Owning Template Parameter" publish:category="UML"/><publish:property canonicalName="qualifiedName" name="Qualified Name" publish:category="UML"/><publish:property canonicalName="Stereotype" name="Stereotype" publish:category="UML"/><publish:property canonicalName="templateParameter" name="Template Parameter" publish:category="UML"/><publish:property canonicalName="type" name="Type" publish:category="UML"/><publish:property canonicalName="value" name="Value" publish:category="UML" publish:value="0"/><publish:property canonicalName="visibility" name="Visibility" publish:category="UML" publish:value="Public"/></publish:properties></lowerValue></ownedAttribute><ownedAttribute name="value" publish:icon="115617312_icon.png" publish:qualifiedname="FHIM::VitalSigns::Height::HeightObservation::value" publish:type="Quantity" xmi:id="_.jP.o_9Y.d5E.eOZ2.vW3W.fDP5Q" xsi:type="uml:Property"><publish:properties><publish:property canonicalName="aggregation" name="Aggregation" publish:category="UML" publish:value="None"/><publish:property canonicalName="Alias" name="Alias" publish:category="UML"/><publish:property canonicalName="association" name="Association" publish:category="UML"/><publish:property canonicalName="associationEnd" name="Association End" publish:category="UML"/><publish:property canonicalName="class" name="Class" publish:category="UML" publish:ismodellink="false" publish:value="HeightObservation" xmi:id="_.jP.o_4I.d5E.eOZ2.vW3W.fDP5Q"/><publish:property canonicalName="datatype" name="Datatype" publish:category="UML"/><publish:property canonicalName="default" name="Default" publish:category="UML"/><publish:property canonicalName="defaultValue" name="Default Value" publish:category="UML"/><publish:property canonicalName="isComposite" name="Is Composite" publish:category="UML" publish:value="false"/><publish:property canonicalName="isDerived" name="Is Derived" publish:category="UML" publish:value="false"/><publish:property canonicalName="isDerivedUnion" name="Is Derived Union" publish:category="UML" publish:value="false"/><publish:property canonicalName="isLeaf" name="Is Leaf" publish:category="UML" publish:value="false"/><publish:property canonicalName="isOrdered" name="Is Ordered" publish:category="UML" publish:value="false"/><publish:property canonicalName="isReadOnly" name="Is Read Only" publish:category="UML" publish:value="false"/><publish:property canonicalName="isStatic" name="Is Static" publish:category="UML" publish:value="false"/><publish:property canonicalName="isUnique" name="Is Unique" publish:category="UML" publish:value="true"/><publish:property canonicalName="Keywords" name="Keywords" publish:category="UML" publish:value="redefine"/><publish:property canonicalName="lower" name="Lower" publish:category="UML" publish:value="1"/><publish:property canonicalName="lowerValue" name="Lower Value" publish:category="UML" publish:nohref="true" publish:value="(1)"/><publish:property canonicalName="Multiplicity" name="Multiplicity" publish:category="UML" publish:value="1"/><publish:property canonicalName="name" name="Name" publish:category="UML" publish:value="value"/><publish:property canonicalName="nameExpression" name="Name Expression" publish:category="UML"/><publish:property canonicalName="namespace" name="Namespace" publish:category="UML" publish:ismodellink="false" publish:value="HeightObservation" xmi:id="_.jP.o_4I.d5E.eOZ2.vW3W.fDP5Q"/><publish:property canonicalName="opposite" name="Opposite" publish:category="UML"/><publish:property canonicalName="owner" name="Owner" publish:category="UML" publish:ismodellink="false" publish:value="HeightObservation" xmi:id="_.jP.o_4I.d5E.eOZ2.vW3W.fDP5Q"/><publish:property canonicalName="owningAssociation" name="Owning Association" publish:category="UML"/><publish:property canonicalName="owningTemplateParameter" name="Owning Template Parameter" publish:category="UML"/><publish:property canonicalName="qualifiedName" name="Qualified Name" publish:category="UML" publish:value="FHIM::VitalSigns::Height::HeightObservation::value"/><publish:property canonicalName="Stereotype" name="Stereotype" publish:category="UML"/><publish:property canonicalName="templateParameter" name="Template Parameter" publish:category="UML"/><publish:property canonicalName="type" name="Type" publish:category="UML" publish:ismodellink="false" publish:value="«PQ» Quantity" xmi:id="_420A62FD03B641886F630221"/><publish:property canonicalName="upper" name="Upper" publish:category="UML" publish:value="1"/><publish:property canonicalName="upperValue" name="Upper Value" publish:category="UML" publish:nohref="true" publish:value="(1)"/><publish:property canonicalName="visibility" name="Visibility" publish:category="UML" publish:value="Public"/></publish:properties><ownedComment annotatedElement="_.jP.o_9Y.d5E.eOZ2.vW3W.fDP5Q" body="This property contains the result, or value of the clinical Observation.  In the generic clinical Observation class, the data type for this property can be anything.  Height is expressed in terms of centimeters or inches.  Therefore, this property has been re-defined to constrain the data type to be a Physical Quantity." isDocumentation="true" isURL="false" name="&lt;Unnamed Comment&gt;" publish:icon="-1692003767_icon.png" publish:qualifiedname="FHIM::VitalSigns::Height::HeightObservation::value::&lt;Comment&gt;" xmi:id="_.jP.o_-I.d5E.eOZ2.vW3W.fDP5Q" xsi:type="uml:Comment"><publish:properties><publish:property canonicalName="body" name="Body" publish:category="UML" publish:value="This property contains the result, or value of the clinical Observation.  In the generic clinical Observation class, the data type for this property can be anything.  Height is expressed in terms of centimeters or inches.  Therefore, this property has been re-defined to constrain the data type to be a Physical Quantity."/><publish:property canonicalName="Keywords" name="Keywords" publish:category="UML"/><publish:property anchor="#_.jP.o_9Y.d5E.eOZ2.vW3W.fDP5Q" canonicalName="owner" name="Owner" publish:category="UML" publish:ismodellink="false" publish:value="«redefine» value" xmi:id="_.jP.o_4I.d5E.eOZ2.vW3W.fDP5Q"/><publish:property canonicalName="Stereotype" name="Stereotype" publish:category="UML" publish:value="documentation"/></publish:properties></ownedComment><upperValue name="&lt;Unnamed LiteralUnlimitedNatural&gt;" publish:icon="-860458658_icon.png" publish:qualifiedname="FHIM::VitalSigns::Height::HeightObservation::value::&lt;LiteralUnlimitedNatural&gt;" xmi:id="_.p2.p.p0.b.y.qE.e.a_D.aX.mJ278K.w" xsi:type="uml:LiteralUnlimitedNatural"><publish:properties><publish:property canonicalName="Alias" name="Alias" publish:category="UML"/><publish:property canonicalName="Keywords" name="Keywords" publish:category="UML"/><publish:property canonicalName="name" name="Name" publish:category="UML"/><publish:property canonicalName="nameExpression" name="Name Expression" publish:category="UML"/><publish:property canonicalName="namespace" name="Namespace" publish:category="UML"/><publish:property anchor="#_.jP.o_9Y.d5E.eOZ2.vW3W.fDP5Q" canonicalName="owner" name="Owner" publish:category="UML" publish:ismodellink="false" publish:value="«redefine» value" xmi:id="_.jP.o_4I.d5E.eOZ2.vW3W.fDP5Q"/><publish:property canonicalName="owningTemplateParameter" name="Owning Template Parameter" publish:category="UML"/><publish:property canonicalName="qualifiedName" name="Qualified Name" publish:category="UML"/><publish:property canonicalName="Stereotype" name="Stereotype" publish:category="UML"/><publish:property canonicalName="templateParameter" name="Template Parameter" publish:category="UML"/><publish:property canonicalName="type" name="Type" publish:category="UML"/><publish:property canonicalName="value" name="Value" publish:category="UML" publish:value="1"/><publish:property canonicalName="visibility" name="Visibility" publish:category="UML" publish:value="Public"/></publish:properties></upperValue><lowerValue name="&lt;Unnamed LiteralInteger&gt;" publish:icon="-1607065069_icon.png" publish:qualifiedname="FHIM::VitalSigns::Height::HeightObservation::value::&lt;LiteralInteger&gt;" xmi:id="_.p2.p.p0L.y.qE.e.a_D.aX.mJ278K.w" xsi:type="uml:LiteralInteger"><publish:properties><publish:property canonicalName="Alias" name="Alias" publish:category="UML"/><publish:property canonicalName="Keywords" name="Keywords" publish:category="UML"/><publish:property canonicalName="name" name="Name" publish:category="UML"/><publish:property canonicalName="nameExpression" name="Name Expression" publish:category="UML"/><publish:property canonicalName="namespace" name="Namespace" publish:category="UML"/><publish:property anchor="#_.jP.o_9Y.d5E.eOZ2.vW3W.fDP5Q" canonicalName="owner" name="Owner" publish:category="UML" publish:ismodellink="false" publish:value="«redefine» value" xmi:id="_.jP.o_4I.d5E.eOZ2.vW3W.fDP5Q"/><publish:property canonicalName="owningTemplateParameter" name="Owning Template Parameter" publish:category="UML"/><publish:property canonicalName="qualifiedName" name="Qualified Name" publish:category="UML"/><publish:property canonicalName="Stereotype" name="Stereotype" publish:category="UML"/><publish:property canonicalName="templateParameter" name="Template Parameter" publish:category="UML"/><publish:property canonicalName="type" name="Type" publish:category="UML"/><publish:property canonicalName="value" name="Value" publish:category="UML" publish:value="1"/><publish:property canonicalName="visibility" name="Visibility" publish:category="UML" publish:value="Public"/></publish:properties></lowerValue></ownedAttribute><ownedAttribute name="bodyPositionQualifier" publish:icon="115617312_icon.png" publish:qualifiedname="FHIM::VitalSigns::Height::HeightObservation::bodyPositionQualifier" publish:type="Code" xmi:id="_G4.rT.kHP.oE.e.iV16B.d.s.fE5.oQ" xsi:type="uml:Property"><publish:properties><publish:property canonicalName="aggregation" name="Aggregation" publish:category="UML" publish:value="None"/><publish:property canonicalName="Alias" name="Alias" publish:category="UML"/><publish:property canonicalName="association" name="Association" publish:category="UML"/><publish:property canonicalName="associationEnd" name="Association End" publish:category="UML"/><publish:property canonicalName="class" name="Class" publish:category="UML" publish:ismodellink="false" publish:value="HeightObservation" xmi:id="_.jP.o_4I.d5E.eOZ2.vW3W.fDP5Q"/><publish:property canonicalName="datatype" name="Datatype" publish:category="UML"/><publish:property canonicalName="default" name="Default" publish:category="UML"/><publish:property canonicalName="defaultValue" name="Default Value" publish:category="UML"/><publish:property canonicalName="isComposite" name="Is Composite" publish:category="UML" publish:value="false"/><publish:property canonicalName="isDerived" name="Is Derived" publish:category="UML" publish:value="false"/><publish:property canonicalName="isDerivedUnion" name="Is Derived Union" publish:category="UML" publish:value="false"/><publish:property canonicalName="isLeaf" name="Is Leaf" publish:category="UML" publish:value="false"/><publish:property canonicalName="isOrdered" name="Is Ordered" publish:category="UML" publish:value="false"/><publish:property canonicalName="isReadOnly" name="Is Read Only" publish:category="UML" publish:value="false"/><publish:property canonicalName="isStatic" name="Is Static" publish:category="UML" publish:value="false"/><publish:property canonicalName="isUnique" name="Is Unique" publish:category="UML" publish:value="true"/><publish:property canonicalName="Keywords" name="Keywords" publish:category="UML"/><publish:property canonicalName="lower" name="Lower" publish:category="UML" publish:value="0"/><publish:property canonicalName="lowerValue" name="Lower Value" publish:category="UML" publish:nohref="true" publish:value="(0)"/><publish:property canonicalName="Multiplicity" name="Multiplicity" publish:category="UML" publish:value="0..1"/><publish:property canonicalName="name" name="Name" publish:category="UML" publish:value="bodyPositionQualifier"/><publish:property canonicalName="nameExpression" name="Name Expression" publish:category="UML"/><publish:property canonicalName="namespace" name="Namespace" publish:category="UML" publish:ismodellink="false" publish:value="HeightObservation" xmi:id="_.jP.o_4I.d5E.eOZ2.vW3W.fDP5Q"/><publish:property canonicalName="opposite" name="Opposite" publish:category="UML"/><publish:property canonicalName="owner" name="Owner" publish:category="UML" publish:ismodellink="false" publish:value="HeightObservation" xmi:id="_.jP.o_4I.d5E.eOZ2.vW3W.fDP5Q"/><publish:property canonicalName="owningAssociation" name="Owning Association" publish:category="UML"/><publish:property canonicalName="owningTemplateParameter" name="Owning Template Parameter" publish:category="UML"/><publish:property canonicalName="qualifiedName" name="Qualified Name" publish:category="UML" publish:value="FHIM::VitalSigns::Height::HeightObservation::bodyPositionQualifier"/><publish:property canonicalName="Stereotype" name="Stereotype" publish:category="UML"/><publish:property canonicalName="templateParameter" name="Template Parameter" publish:category="UML"/><publish:property canonicalName="type" name="Type" publish:category="UML" publish:ismodellink="false" publish:value="«CS» Code" xmi:id="_G.mK.qYGA.fE.d6.a0.q.oC8D.h7.hA"/><publish:property canonicalName="upper" name="Upper" publish:category="UML" publish:value="1"/><publish:property canonicalName="upperValue" name="Upper Value" publish:category="UML" publish:nohref="true" publish:value="(1)"/><publish:property canonicalName="visibility" name="Visibility" publish:category="UML" publish:value="Public"/></publish:properties><upperValue name="&lt;Unnamed LiteralUnlimitedNatural&gt;" publish:icon="-860458658_icon.png" publish:qualifiedname="FHIM::VitalSigns::Height::HeightObservation::bodyPositionQualifier::&lt;LiteralUnlimitedNatural&gt;" xmi:id="_MWG.l.kXP.oE.e.iV16B.d.s.fE5.oQ" xsi:type="uml:LiteralUnlimitedNatural"><publish:properties><publish:property canonicalName="Alias" name="Alias" publish:category="UML"/><publish:property canonicalName="Keywords" name="Keywords" publish:category="UML"/><publish:property canonicalName="name" name="Name" publish:category="UML"/><publish:property canonicalName="nameExpression" name="Name Expression" publish:category="UML"/><publish:property canonicalName="namespace" name="Namespace" publish:category="UML"/><publish:property anchor="#_G4.rT.kHP.oE.e.iV16B.d.s.fE5.oQ" canonicalName="owner" name="Owner" publish:category="UML" publish:ismodellink="false" publish:value="bodyPositionQualifier" xmi:id="_.jP.o_4I.d5E.eOZ2.vW3W.fDP5Q"/><publish:property canonicalName="owningTemplateParameter" name="Owning Template Parameter" publish:category="UML"/><publish:property canonicalName="qualifiedName" name="Qualified Name" publish:category="UML"/><publish:property canonicalName="Stereotype" name="Stereotype" publish:category="UML"/><publish:property canonicalName="templateParameter" name="Template Parameter" publish:category="UML"/><publish:property canonicalName="type" name="Type" publish:category="UML"/><publish:property canonicalName="value" name="Value" publish:category="UML" publish:value="1"/><publish:property canonicalName="visibility" name="Visibility" publish:category="UML" publish:value="Public"/></publish:properties></upperValue><lowerValue name="&lt;Unnamed LiteralInteger&gt;" publish:icon="-1607065069_icon.png" publish:qualifiedname="FHIM::VitalSigns::Height::HeightObservation::bodyPositionQualifier::&lt;LiteralInteger&gt;" xmi:id="_MWG.l.kHP.oE.e.iV16B.d.s.fE5.oQ" xsi:type="uml:LiteralInteger"><publish:properties><publish:property canonicalName="Alias" name="Alias" publish:category="UML"/><publish:property canonicalName="Keywords" name="Keywords" publish:category="UML"/><publish:property canonicalName="name" name="Name" publish:category="UML"/><publish:property canonicalName="nameExpression" name="Name Expression" publish:category="UML"/><publish:property canonicalName="namespace" name="Namespace" publish:category="UML"/><publish:property anchor="#_G4.rT.kHP.oE.e.iV16B.d.s.fE5.oQ" canonicalName="owner" name="Owner" publish:category="UML" publish:ismodellink="false" publish:value="bodyPositionQualifier" xmi:id="_.jP.o_4I.d5E.eOZ2.vW3W.fDP5Q"/><publish:property canonicalName="owningTemplateParameter" name="Owning Template Parameter" publish:category="UML"/><publish:property canonicalName="qualifiedName" name="Qualified Name" publish:category="UML"/><publish:property canonicalName="Stereotype" name="Stereotype" publish:category="UML"/><publish:property canonicalName="templateParameter" name="Template Parameter" publish:category="UML"/><publish:property canonicalName="type" name="Type" publish:category="UML"/><publish:property canonicalName="value" name="Value" publish:category="UML" publish:value="0"/><publish:property canonicalName="visibility" name="Visibility" publish:category="UML" publish:value="Public"/></publish:properties></lowerValue></ownedAttribute></packagedElement><packagedElement name="&lt;Unnamed Dependency&gt;" publish:icon="1708195337_icon.png" publish:qualifiedname="FHIM::VitalSigns::Height::&lt;Dependency&gt;" xmi:id="_-7.vQAHPYE.e.iV16B.d.s.fE5.oQ" xsi:type="uml:Dependency"><publish:properties><publish:property canonicalName="Alias" name="Alias" publish:category="UML"/><publish:property canonicalName="Keywords" name="Keywords" publish:category="UML"/><publish:property canonicalName="name" name="Name" publish:category="UML"/><publish:property canonicalName="nameExpression" name="Name Expression" publish:category="UML"/><publish:property canonicalName="namespace" name="Namespace" publish:category="UML" publish:ismodellink="false" publish:value="Height" xmi:id="_.jP.n.x.sI.d5E.eOZ2.vW3W.fDP5Q"/><publish:property canonicalName="owner" name="Owner" publish:category="UML" publish:ismodellink="false" publish:value="Height" xmi:id="_.jP.n.x.sI.d5E.eOZ2.vW3W.fDP5Q"/><publish:property canonicalName="owningTemplateParameter" name="Owning Template Parameter" publish:category="UML"/><publish:property canonicalName="qualifiedName" name="Qualified Name" publish:category="UML"/><publish:property canonicalName="Stereotype" name="Stereotype" publish:category="UML"/><publish:property canonicalName="templateParameter" name="Template Parameter" publish:category="UML"/><publish:property canonicalName="visibility" name="Visibility" publish:category="UML" publish:value="Public"/></publish:properties></packagedElement><packagedElement name="&lt;Unnamed Dependency&gt;" publish:icon="1708195337_icon.png" publish:qualifiedname="FHIM::VitalSigns::Height::&lt;Dependency&gt;" xmi:id="_AP.g.nMHP.oE.e.iV16B.d.s.fE5.oQ" xsi:type="uml:Dependency"><publish:properties><publish:property canonicalName="Alias" name="Alias" publish:category="UML"/><publish:property canonicalName="Keywords" name="Keywords" publish:category="UML"/><publish:property canonicalName="name" name="Name" publish:category="UML"/><publish:property canonicalName="nameExpression" name="Name Expression" publish:category="UML"/><publish:property canonicalName="namespace" name="Namespace" publish:category="UML" publish:ismodellink="false" publish:value="Height" xmi:id="_.jP.n.x.sI.d5E.eOZ2.vW3W.fDP5Q"/><publish:property canonicalName="owner" name="Owner" publish:category="UML" publish:ismodellink="false" publish:value="Height" xmi:id="_.jP.n.x.sI.d5E.eOZ2.vW3W.fDP5Q"/><publish:property canonicalName="owningTemplateParameter" name="Owning Template Parameter" publish:category="UML"/><publish:property canonicalName="qualifiedName" name="Qualified Name" publish:category="UML"/><publish:property canonicalName="Stereotype" name="Stereotype" publish:category="UML"/><publish:property canonicalName="templateParameter" name="Template Parameter" publish:category="UML"/><publish:property canonicalName="visibility" name="Visibility" publish:category="UML" publish:value="Public"/></publish:properties></packagedElement></packagedElement>